Path	Group	Total			QCDPt15to30			QCDPt30to50			QCDPt50to80			QCDPt80to120			QCDPt120to170			QCDPt170to300			QCDPt300to470			QCDPt470to600			QCDPt600to800			DYToEE			DYToMuMu			WToENu			WToMuNu			QCDPt30to80EMEnriched			QCDPt80to170EMEnriched			QCDPt30to50MuEnrichedPt5PionKaonDecay			QCDPt50to80MuEnrichedPt5PionKaonDecay			QCDPt80to120MuEnrichedPt5PionKaonDecay			
HLT_PFHT400_SixJet30_BTagCSV0p55_2PFBTagCSV0p72_v2	HIG	32303.0915	±	16150.0000329	0.0	±	0	32300.0	±	16150.0	0.0	±	0	0.0	±	0	0.0	±	0	0.0	±	0	0.0	±	0	0.0	±	0	0.0	±	0	0.0	±	0	3.0915	±	1.0305	0.0	±	0	0.0	±	0	0.0	±	0	0.0	±	0	0.0	±	0	0.0	±	0	0.0	±	0	
HLT_L1SingleMu16_v1	SMP	0.0	±	0	0.0	±	0	0.0	±	0	0.0	±	0	0.0	±	0	0.0	±	0	0.0	±	0	0.0	±	0	0.0	±	0	0.0	±	0	0.0	±	0	0.0	±	0	0.0	±	0	0.0	±	0	0.0	±	0	0.0	±	0	0.0	±	0	0.0	±	0	0.0	±	0	
HLT_DoubleMu23NoFiltersNoVtxDisplaced_v1	EXO	8075.687	±	8075.00001461	0.0	±	0	8075.0	±	8075.0	0.0	±	0	0.0	±	0	0.0	±	0	0.0	±	0	0.0	±	0	0.0	±	0	0.0	±	0	0.0	±	0	0.687	±	0.485782358675	0.0	±	0	0.0	±	0	0.0	±	0	0.0	±	0	0.0	±	0	0.0	±	0	0.0	±	0	
HLT_HT350_DisplacedDijet80_Tight_DisplacedTrack_v2	EXO	0.0	±	0	0.0	±	0	0.0	±	0	0.0	±	0	0.0	±	0	0.0	±	0	0.0	±	0	0.0	±	0	0.0	±	0	0.0	±	0	0.0	±	0	0.0	±	0	0.0	±	0	0.0	±	0	0.0	±	0	0.0	±	0	0.0	±	0	0.0	±	0	0.0	±	0	
HLT_HcalCalibration_v1	NoGroup	0.0	±	0	0.0	±	0	0.0	±	0	0.0	±	0	0.0	±	0	0.0	±	0	0.0	±	0	0.0	±	0	0.0	±	0	0.0	±	0	0.0	±	0	0.0	±	0	0.0	±	0	0.0	±	0	0.0	±	0	0.0	±	0	0.0	±	0	0.0	±	0	0.0	±	0	
HLT_Ele27_eta2p1_WPLoose_Gsf_LooseIsoPFTau20_v1	TAU,HIG	0.0	±	0	0.0	±	0	0.0	±	0	0.0	±	0	0.0	±	0	0.0	±	0	0.0	±	0	0.0	±	0	0.0	±	0	0.0	±	0	0.0	±	0	0.0	±	0	0.0	±	0	0.0	±	0	0.0	±	0	0.0	±	0	0.0	±	0	0.0	±	0	0.0	±	0	
HLT_Mu33NoFiltersNoVtxDisplaced_DisplacedJet50_Loose_v2	EXO	0.0	±	0	0.0	±	0	0.0	±	0	0.0	±	0	0.0	±	0	0.0	±	0	0.0	±	0	0.0	±	0	0.0	±	0	0.0	±	0	0.0	±	0	0.0	±	0	0.0	±	0	0.0	±	0	0.0	±	0	0.0	±	0	0.0	±	0	0.0	±	0	0.0	±	0	
HLT_DoublePhoton85_v2	EXO	0.3435	±	0.3435	0.0	±	0	0.0	±	0	0.0	±	0	0.0	±	0	0.0	±	0	0.0	±	0	0.0	±	0	0.0	±	0	0.0	±	0	0.0	±	0	0.3435	±	0.3435	0.0	±	0	0.0	±	0	0.0	±	0	0.0	±	0	0.0	±	0	0.0	±	0	0.0	±	0	
HLT_Dimuon0er16_Jpsi_NoOS_NoVertexing_v1	BPH	0.0	±	0	0.0	±	0	0.0	±	0	0.0	±	0	0.0	±	0	0.0	±	0	0.0	±	0	0.0	±	0	0.0	±	0	0.0	±	0	0.0	±	0	0.0	±	0	0.0	±	0	0.0	±	0	0.0	±	0	0.0	±	0	0.0	±	0	0.0	±	0	0.0	±	0	
HLT_IsoMu20_eta2p1_TriCentralPFJet50_40_30_v2	TOP	0.0	±	0	0.0	±	0	0.0	±	0	0.0	±	0	0.0	±	0	0.0	±	0	0.0	±	0	0.0	±	0	0.0	±	0	0.0	±	0	0.0	±	0	0.0	±	0	0.0	±	0	0.0	±	0	0.0	±	0	0.0	±	0	0.0	±	0	0.0	±	0	0.0	±	0	
HLT_PFHT650_WideJetMJJ900DEtaJJ1p5_v2	EXO	524904.541	±	65102.7313954	0.0	±	0	524875.0	±	65102.7313175	0.0	±	0	0.0	±	0	0.0	±	0	0.0	±	0	0.0	±	0	0.0	±	0	0.0	±	0	0.0	±	0	29.541	±	3.1854879532	0.0	±	0	0.0	±	0	0.0	±	0	0.0	±	0	0.0	±	0	0.0	±	0	0.0	±	0	
HLT_Mu38NoFiltersNoVtxDisplaced_DisplacedJet60_Tight_v2	EXO	0.0	±	0	0.0	±	0	0.0	±	0	0.0	±	0	0.0	±	0	0.0	±	0	0.0	±	0	0.0	±	0	0.0	±	0	0.0	±	0	0.0	±	0	0.0	±	0	0.0	±	0	0.0	±	0	0.0	±	0	0.0	±	0	0.0	±	0	0.0	±	0	0.0	±	0	
HLT_Photon30_v2	SMP,EXO	0.0	±	0	0.0	±	0	0.0	±	0	0.0	±	0	0.0	±	0	0.0	±	0	0.0	±	0	0.0	±	0	0.0	±	0	0.0	±	0	0.0	±	0	0.0	±	0	0.0	±	0	0.0	±	0	0.0	±	0	0.0	±	0	0.0	±	0	0.0	±	0	0.0	±	0	
HLT_Mu12_Photon25_CaloIdL_v2	HIG	0.0	±	0	0.0	±	0	0.0	±	0	0.0	±	0	0.0	±	0	0.0	±	0	0.0	±	0	0.0	±	0	0.0	±	0	0.0	±	0	0.0	±	0	0.0	±	0	0.0	±	0	0.0	±	0	0.0	±	0	0.0	±	0	0.0	±	0	0.0	±	0	0.0	±	0	
HLT_Mu55_v1	EXO	8076.0305	±	8075.00002192	0.0	±	0	8075.0	±	8075.0	0.0	±	0	0.0	±	0	0.0	±	0	0.0	±	0	0.0	±	0	0.0	±	0	0.0	±	0	0.0	±	0	1.0305	±	0.5949594524	0.0	±	0	0.0	±	0	0.0	±	0	0.0	±	0	0.0	±	0	0.0	±	0	0.0	±	0	
HLT_Ele15_IsoVVVL_BTagCSV0p72_PFHT400_v2	SUSY	8075.687	±	8075.00001461	0.0	±	0	8075.0	±	8075.0	0.0	±	0	0.0	±	0	0.0	±	0	0.0	±	0	0.0	±	0	0.0	±	0	0.0	±	0	0.0	±	0	0.687	±	0.485782358675	0.0	±	0	0.0	±	0	0.0	±	0	0.0	±	0	0.0	±	0	0.0	±	0	0.0	±	0	
HLT_HT500_DisplacedDijet40_Inclusive_v2	EXO	8075.3435	±	8075.00000731	0.0	±	0	8075.0	±	8075.0	0.0	±	0	0.0	±	0	0.0	±	0	0.0	±	0	0.0	±	0	0.0	±	0	0.0	±	0	0.0	±	0	0.3435	±	0.3435	0.0	±	0	0.0	±	0	0.0	±	0	0.0	±	0	0.0	±	0	0.0	±	0	0.0	±	0	
HLT_Mu16_eta2p1_CaloMET30_v2	TAU,HIG	0.0	±	0	0.0	±	0	0.0	±	0	0.0	±	0	0.0	±	0	0.0	±	0	0.0	±	0	0.0	±	0	0.0	±	0	0.0	±	0	0.0	±	0	0.0	±	0	0.0	±	0	0.0	±	0	0.0	±	0	0.0	±	0	0.0	±	0	0.0	±	0	0.0	±	0	
HLT_DiPFJet40_DEta3p5_MJJ600_PFMETNoMu80_v2	HIG	0.0	±	0	0.0	±	0	0.0	±	0	0.0	±	0	0.0	±	0	0.0	±	0	0.0	±	0	0.0	±	0	0.0	±	0	0.0	±	0	0.0	±	0	0.0	±	0	0.0	±	0	0.0	±	0	0.0	±	0	0.0	±	0	0.0	±	0	0.0	±	0	0.0	±	0	
HLT_Mu10_CentralPFJet30_BTagCSV0p54PF_v2	SUSY	0.0	±	0	0.0	±	0	0.0	±	0	0.0	±	0	0.0	±	0	0.0	±	0	0.0	±	0	0.0	±	0	0.0	±	0	0.0	±	0	0.0	±	0	0.0	±	0	0.0	±	0	0.0	±	0	0.0	±	0	0.0	±	0	0.0	±	0	0.0	±	0	0.0	±	0	
HLT_Mu17_v1	NoGroup	0.0	±	0	0.0	±	0	0.0	±	0	0.0	±	0	0.0	±	0	0.0	±	0	0.0	±	0	0.0	±	0	0.0	±	0	0.0	±	0	0.0	±	0	0.0	±	0	0.0	±	0	0.0	±	0	0.0	±	0	0.0	±	0	0.0	±	0	0.0	±	0	0.0	±	0	
HLT_Photon22_R9Id90_HE10_Iso40_EBOnly_PFMET40_v2	HIG	0.0	±	0	0.0	±	0	0.0	±	0	0.0	±	0	0.0	±	0	0.0	±	0	0.0	±	0	0.0	±	0	0.0	±	0	0.0	±	0	0.0	±	0	0.0	±	0	0.0	±	0	0.0	±	0	0.0	±	0	0.0	±	0	0.0	±	0	0.0	±	0	0.0	±	0	
HLT_PFMETNoMu90_NoiseCleaned_PFMHTNoMu90_IDTight_v2	EXO	226113.3965	±	42728.8837275	0.0	±	0	226100.0	±	42728.8836737	0.0	±	0	0.0	±	0	0.0	±	0	0.0	±	0	0.0	±	0	0.0	±	0	0.0	±	0	0.0	±	0	13.3965	±	2.14515681245	0.0	±	0	0.0	±	0	0.0	±	0	0.0	±	0	0.0	±	0	0.0	±	0	0.0	±	0	
HLT_Photon120_R9Id90_HE10_Iso40_EBOnly_VBF_v2	HIG	0.0	±	0	0.0	±	0	0.0	±	0	0.0	±	0	0.0	±	0	0.0	±	0	0.0	±	0	0.0	±	0	0.0	±	0	0.0	±	0	0.0	±	0	0.0	±	0	0.0	±	0	0.0	±	0	0.0	±	0	0.0	±	0	0.0	±	0	0.0	±	0	0.0	±	0	
HLT_Mu3er_PFHT140_PFMET125_NoiseCleaned_v2	SUSY	40378.0915	±	18056.2489477	0.0	±	0	40375.0	±	18056.2489183	0.0	±	0	0.0	±	0	0.0	±	0	0.0	±	0	0.0	±	0	0.0	±	0	0.0	±	0	0.0	±	0	3.0915	±	1.0305	0.0	±	0	0.0	±	0	0.0	±	0	0.0	±	0	0.0	±	0	0.0	±	0	0.0	±	0	
HLT_Ele32_eta2p1_WPLoose_Gsf_CentralPFJet30_BTagCSV07_v1	TOP	0.0	±	0	0.0	±	0	0.0	±	0	0.0	±	0	0.0	±	0	0.0	±	0	0.0	±	0	0.0	±	0	0.0	±	0	0.0	±	0	0.0	±	0	0.0	±	0	0.0	±	0	0.0	±	0	0.0	±	0	0.0	±	0	0.0	±	0	0.0	±	0	0.0	±	0	
HLT_Ele27_eta2p1_WPLoose_Gsf_TriCentralPFJet30_v1	TOP	0.0	±	0	0.0	±	0	0.0	±	0	0.0	±	0	0.0	±	0	0.0	±	0	0.0	±	0	0.0	±	0	0.0	±	0	0.0	±	0	0.0	±	0	0.0	±	0	0.0	±	0	0.0	±	0	0.0	±	0	0.0	±	0	0.0	±	0	0.0	±	0	0.0	±	0	
HLT_Ele115_CaloIdVT_GsfTrkIdT_v1	EXO	0.3435	±	0.3435	0.0	±	0	0.0	±	0	0.0	±	0	0.0	±	0	0.0	±	0	0.0	±	0	0.0	±	0	0.0	±	0	0.0	±	0	0.0	±	0	0.3435	±	0.3435	0.0	±	0	0.0	±	0	0.0	±	0	0.0	±	0	0.0	±	0	0.0	±	0	0.0	±	0	
HLT_PFJet400_v2	SMP,B2G	56528.435	±	21364.4418645	0.0	±	0	56525.0	±	21364.4418368	0.0	±	0	0.0	±	0	0.0	±	0	0.0	±	0	0.0	±	0	0.0	±	0	0.0	±	0	0.0	±	0	3.435	±	1.08624237627	0.0	±	0	0.0	±	0	0.0	±	0	0.0	±	0	0.0	±	0	0.0	±	0	0.0	±	0	
HLT_Photon36_R9Id90_HE10_IsoM_v2	SMP,SUSY	0.0	±	0	0.0	±	0	0.0	±	0	0.0	±	0	0.0	±	0	0.0	±	0	0.0	±	0	0.0	±	0	0.0	±	0	0.0	±	0	0.0	±	0	0.0	±	0	0.0	±	0	0.0	±	0	0.0	±	0	0.0	±	0	0.0	±	0	0.0	±	0	0.0	±	0	
HLT_Mu17_TkMu8_DZ_v2	TOP,HIG,SMP	0.0	±	0	0.0	±	0	0.0	±	0	0.0	±	0	0.0	±	0	0.0	±	0	0.0	±	0	0.0	±	0	0.0	±	0	0.0	±	0	0.0	±	0	0.0	±	0	0.0	±	0	0.0	±	0	0.0	±	0	0.0	±	0	0.0	±	0	0.0	±	0	0.0	±	0	
HLT_Photon50_R9Id90_HE10_Iso40_EBOnly_PFMET40_v2	HIG	0.0	±	0	0.0	±	0	0.0	±	0	0.0	±	0	0.0	±	0	0.0	±	0	0.0	±	0	0.0	±	0	0.0	±	0	0.0	±	0	0.0	±	0	0.0	±	0	0.0	±	0	0.0	±	0	0.0	±	0	0.0	±	0	0.0	±	0	0.0	±	0	0.0	±	0	
HLT_QuadPFJet_VBF_v2	HIG	0.0	±	0	0.0	±	0	0.0	±	0	0.0	±	0	0.0	±	0	0.0	±	0	0.0	±	0	0.0	±	0	0.0	±	0	0.0	±	0	0.0	±	0	0.0	±	0	0.0	±	0	0.0	±	0	0.0	±	0	0.0	±	0	0.0	±	0	0.0	±	0	0.0	±	0	
HLT_L1Tech_HBHEHO_totalOR_v1	NoGroup	0.0	±	0	0.0	±	0	0.0	±	0	0.0	±	0	0.0	±	0	0.0	±	0	0.0	±	0	0.0	±	0	0.0	±	0	0.0	±	0	0.0	±	0	0.0	±	0	0.0	±	0	0.0	±	0	0.0	±	0	0.0	±	0	0.0	±	0	0.0	±	0	0.0	±	0	
HLT_Ele27_eta2p1_WPLoose_Gsf_v1	Egamma,HIG,SMP	0.0	±	0	0.0	±	0	0.0	±	0	0.0	±	0	0.0	±	0	0.0	±	0	0.0	±	0	0.0	±	0	0.0	±	0	0.0	±	0	0.0	±	0	0.0	±	0	0.0	±	0	0.0	±	0	0.0	±	0	0.0	±	0	0.0	±	0	0.0	±	0	0.0	±	0	
HLT_Photon50_R9Id90_HE10_IsoM_v2	SMP,SUSY	0.0	±	0	0.0	±	0	0.0	±	0	0.0	±	0	0.0	±	0	0.0	±	0	0.0	±	0	0.0	±	0	0.0	±	0	0.0	±	0	0.0	±	0	0.0	±	0	0.0	±	0	0.0	±	0	0.0	±	0	0.0	±	0	0.0	±	0	0.0	±	0	0.0	±	0	
HLT_CaloMHTNoPU90_PFMET90_PFMHT90_IDTight_BTagCSV0p72_v1	HIG	145358.5875	±	34259.3235915	0.0	±	0	145350.0	±	34259.3235485	0.0	±	0	0.0	±	0	0.0	±	0	0.0	±	0	0.0	±	0	0.0	±	0	0.0	±	0	0.0	±	0	8.5875	±	1.7175	0.0	±	0	0.0	±	0	0.0	±	0	0.0	±	0	0.0	±	0	0.0	±	0	0.0	±	0	
HLT_Mu28NoFiltersNoVtx_DisplacedJet40_Loose_v2	EXO	0.0	±	0	0.0	±	0	0.0	±	0	0.0	±	0	0.0	±	0	0.0	±	0	0.0	±	0	0.0	±	0	0.0	±	0	0.0	±	0	0.0	±	0	0.0	±	0	0.0	±	0	0.0	±	0	0.0	±	0	0.0	±	0	0.0	±	0	0.0	±	0	0.0	±	0	
HLT_Mu28NoFiltersNoVtxDisplaced_Photon28_CaloIdL_v2	EXO	0.0	±	0	0.0	±	0	0.0	±	0	0.0	±	0	0.0	±	0	0.0	±	0	0.0	±	0	0.0	±	0	0.0	±	0	0.0	±	0	0.0	±	0	0.0	±	0	0.0	±	0	0.0	±	0	0.0	±	0	0.0	±	0	0.0	±	0	0.0	±	0	0.0	±	0	
HLT_Mu7p5_Track3p5_Jpsi_v2	BPH	0.0	±	0	0.0	±	0	0.0	±	0	0.0	±	0	0.0	±	0	0.0	±	0	0.0	±	0	0.0	±	0	0.0	±	0	0.0	±	0	0.0	±	0	0.0	±	0	0.0	±	0	0.0	±	0	0.0	±	0	0.0	±	0	0.0	±	0	0.0	±	0	0.0	±	0	
HLT_PFHT800_v1	SUSY	565284.35	±	67560.29723	0.0	±	0	565250.0	±	67560.2971426	0.0	±	0	0.0	±	0	0.0	±	0	0.0	±	0	0.0	±	0	0.0	±	0	0.0	±	0	0.0	±	0	34.35	±	3.435	0.0	±	0	0.0	±	0	0.0	±	0	0.0	±	0	0.0	±	0	0.0	±	0	0.0	±	0	
HLT_Ele8_CaloIdM_TrackIdM_PFJet30_v2	SUSY	0.0	±	0	0.0	±	0	0.0	±	0	0.0	±	0	0.0	±	0	0.0	±	0	0.0	±	0	0.0	±	0	0.0	±	0	0.0	±	0	0.0	±	0	0.0	±	0	0.0	±	0	0.0	±	0	0.0	±	0	0.0	±	0	0.0	±	0	0.0	±	0	0.0	±	0	
HLT_QuadPFJet_DoubleBTagCSV_VBF_Mqq240_v2	HIG	8075.3435	±	8075.00000731	0.0	±	0	8075.0	±	8075.0	0.0	±	0	0.0	±	0	0.0	±	0	0.0	±	0	0.0	±	0	0.0	±	0	0.0	±	0	0.0	±	0	0.3435	±	0.3435	0.0	±	0	0.0	±	0	0.0	±	0	0.0	±	0	0.0	±	0	0.0	±	0	0.0	±	0	
HLT_Rsq0p30_v1	SUSY	0.3435	±	0.3435	0.0	±	0	0.0	±	0	0.0	±	0	0.0	±	0	0.0	±	0	0.0	±	0	0.0	±	0	0.0	±	0	0.0	±	0	0.0	±	0	0.3435	±	0.3435	0.0	±	0	0.0	±	0	0.0	±	0	0.0	±	0	0.0	±	0	0.0	±	0	0.0	±	0	
HLT_DiPFJetAve320_v1	JetMET	32302.4045	±	16150.0000256	0.0	±	0	32300.0	±	16150.0	0.0	±	0	0.0	±	0	0.0	±	0	0.0	±	0	0.0	±	0	0.0	±	0	0.0	±	0	0.0	±	0	2.4045	±	0.908815575351	0.0	±	0	0.0	±	0	0.0	±	0	0.0	±	0	0.0	±	0	0.0	±	0	0.0	±	0	
HLT_IsoMu16_eta2p1_CaloMET30_LooseIsoPFTau50_Trk30_eta2p1_v2	TAU,HIG	0.0	±	0	0.0	±	0	0.0	±	0	0.0	±	0	0.0	±	0	0.0	±	0	0.0	±	0	0.0	±	0	0.0	±	0	0.0	±	0	0.0	±	0	0.0	±	0	0.0	±	0	0.0	±	0	0.0	±	0	0.0	±	0	0.0	±	0	0.0	±	0	0.0	±	0	
HLT_DiPFJetAve80_HFJEC_v2	NoGroup	0.0	±	0	0.0	±	0	0.0	±	0	0.0	±	0	0.0	±	0	0.0	±	0	0.0	±	0	0.0	±	0	0.0	±	0	0.0	±	0	0.0	±	0	0.0	±	0	0.0	±	0	0.0	±	0	0.0	±	0	0.0	±	0	0.0	±	0	0.0	±	0	0.0	±	0	
HLT_Mu17_TrkIsoVVL_Ele12_CaloIdL_TrackIdL_IsoVL_v2	HIG,SMP	0.0	±	0	0.0	±	0	0.0	±	0	0.0	±	0	0.0	±	0	0.0	±	0	0.0	±	0	0.0	±	0	0.0	±	0	0.0	±	0	0.0	±	0	0.0	±	0	0.0	±	0	0.0	±	0	0.0	±	0	0.0	±	0	0.0	±	0	0.0	±	0	0.0	±	0	
HLT_IsoMu24_eta2p1_TriCentralPFJet30_v2	TOP	0.0	±	0	0.0	±	0	0.0	±	0	0.0	±	0	0.0	±	0	0.0	±	0	0.0	±	0	0.0	±	0	0.0	±	0	0.0	±	0	0.0	±	0	0.0	±	0	0.0	±	0	0.0	±	0	0.0	±	0	0.0	±	0	0.0	±	0	0.0	±	0	0.0	±	0	
HLT_Dimuon6_Jpsi_NoVertexing_v1	BPH	0.0	±	0	0.0	±	0	0.0	±	0	0.0	±	0	0.0	±	0	0.0	±	0	0.0	±	0	0.0	±	0	0.0	±	0	0.0	±	0	0.0	±	0	0.0	±	0	0.0	±	0	0.0	±	0	0.0	±	0	0.0	±	0	0.0	±	0	0.0	±	0	0.0	±	0	
HLT_MonoCentralPFJet80_PFMETNoMu120_NoiseCleaned_PFMHTNoMu120_IDTight_v2	EXO	185736.3355	±	38726.339601	0.0	±	0	185725.0	±	38726.3395508	0.0	±	0	0.0	±	0	0.0	±	0	0.0	±	0	0.0	±	0	0.0	±	0	0.0	±	0	0.0	±	0	11.3355	±	1.97325726909	0.0	±	0	0.0	±	0	0.0	±	0	0.0	±	0	0.0	±	0	0.0	±	0	0.0	±	0	
HLT_IsoMu24_eta2p1_LooseIsoPFTau20_v2	TAU,HIG	0.0	±	0	0.0	±	0	0.0	±	0	0.0	±	0	0.0	±	0	0.0	±	0	0.0	±	0	0.0	±	0	0.0	±	0	0.0	±	0	0.0	±	0	0.0	±	0	0.0	±	0	0.0	±	0	0.0	±	0	0.0	±	0	0.0	±	0	0.0	±	0	0.0	±	0	
HLT_Photon75_R9Id90_HE10_Iso40_EBOnly_PFMET40_v2	HIG	0.0	±	0	0.0	±	0	0.0	±	0	0.0	±	0	0.0	±	0	0.0	±	0	0.0	±	0	0.0	±	0	0.0	±	0	0.0	±	0	0.0	±	0	0.0	±	0	0.0	±	0	0.0	±	0	0.0	±	0	0.0	±	0	0.0	±	0	0.0	±	0	0.0	±	0	
HLT_RsqMR240_Rsq0p09_MR200_v1	SUSY	0.3435	±	0.3435	0.0	±	0	0.0	±	0	0.0	±	0	0.0	±	0	0.0	±	0	0.0	±	0	0.0	±	0	0.0	±	0	0.0	±	0	0.0	±	0	0.3435	±	0.3435	0.0	±	0	0.0	±	0	0.0	±	0	0.0	±	0	0.0	±	0	0.0	±	0	0.0	±	0	
HLT_PFHT350_DiPFJetAve90_PFAlphaT0p52_v1	SUSY	0.0	±	0	0.0	±	0	0.0	±	0	0.0	±	0	0.0	±	0	0.0	±	0	0.0	±	0	0.0	±	0	0.0	±	0	0.0	±	0	0.0	±	0	0.0	±	0	0.0	±	0	0.0	±	0	0.0	±	0	0.0	±	0	0.0	±	0	0.0	±	0	0.0	±	0	
HLT_TkMu20_v2	SMP	0.0	±	0	0.0	±	0	0.0	±	0	0.0	±	0	0.0	±	0	0.0	±	0	0.0	±	0	0.0	±	0	0.0	±	0	0.0	±	0	0.0	±	0	0.0	±	0	0.0	±	0	0.0	±	0	0.0	±	0	0.0	±	0	0.0	±	0	0.0	±	0	0.0	±	0	
HLT_IsoMu20_v2	SMP,TOP	0.0	±	0	0.0	±	0	0.0	±	0	0.0	±	0	0.0	±	0	0.0	±	0	0.0	±	0	0.0	±	0	0.0	±	0	0.0	±	0	0.0	±	0	0.0	±	0	0.0	±	0	0.0	±	0	0.0	±	0	0.0	±	0	0.0	±	0	0.0	±	0	0.0	±	0	
HLT_TrkMu17_DoubleTrkMu8NoFiltersNoVtx_v2	EXO,SUSY	0.0	±	0	0.0	±	0	0.0	±	0	0.0	±	0	0.0	±	0	0.0	±	0	0.0	±	0	0.0	±	0	0.0	±	0	0.0	±	0	0.0	±	0	0.0	±	0	0.0	±	0	0.0	±	0	0.0	±	0	0.0	±	0	0.0	±	0	0.0	±	0	0.0	±	0	
HLT_TripleMu_12_10_5_v1	HIG	0.0	±	0	0.0	±	0	0.0	±	0	0.0	±	0	0.0	±	0	0.0	±	0	0.0	±	0	0.0	±	0	0.0	±	0	0.0	±	0	0.0	±	0	0.0	±	0	0.0	±	0	0.0	±	0	0.0	±	0	0.0	±	0	0.0	±	0	0.0	±	0	0.0	±	0	
HLT_Photon90_CaloIdL_PFHT500_v2	SUSY,EXO	8076.0305	±	8075.00002192	0.0	±	0	8075.0	±	8075.0	0.0	±	0	0.0	±	0	0.0	±	0	0.0	±	0	0.0	±	0	0.0	±	0	0.0	±	0	0.0	±	0	1.0305	±	0.5949594524	0.0	±	0	0.0	±	0	0.0	±	0	0.0	±	0	0.0	±	0	0.0	±	0	0.0	±	0	
HLT_LooseIsoPFTau50_Trk30_eta2p1_MET120_v2	TAU,HIG	153434.2745	±	35198.1090143	0.0	±	0	153425.0	±	35198.1089691	0.0	±	0	0.0	±	0	0.0	±	0	0.0	±	0	0.0	±	0	0.0	±	0	0.0	±	0	0.0	±	0	9.2745	±	1.7848783572	0.0	±	0	0.0	±	0	0.0	±	0	0.0	±	0	0.0	±	0	0.0	±	0	0.0	±	0	
HLT_Mu42NoFiltersNoVtx_Photon42_CaloIdL_v2	EXO	0.0	±	0	0.0	±	0	0.0	±	0	0.0	±	0	0.0	±	0	0.0	±	0	0.0	±	0	0.0	±	0	0.0	±	0	0.0	±	0	0.0	±	0	0.0	±	0	0.0	±	0	0.0	±	0	0.0	±	0	0.0	±	0	0.0	±	0	0.0	±	0	0.0	±	0	
HLT_Photon22_R9Id90_HE10_Iso40_EBOnly_VBF_v2	HIG	0.0	±	0	0.0	±	0	0.0	±	0	0.0	±	0	0.0	±	0	0.0	±	0	0.0	±	0	0.0	±	0	0.0	±	0	0.0	±	0	0.0	±	0	0.0	±	0	0.0	±	0	0.0	±	0	0.0	±	0	0.0	±	0	0.0	±	0	0.0	±	0	0.0	±	0	
HLT_PFJet450_v2	SMP,B2G	565284.35	±	67560.29723	0.0	±	0	565250.0	±	67560.2971426	0.0	±	0	0.0	±	0	0.0	±	0	0.0	±	0	0.0	±	0	0.0	±	0	0.0	±	0	0.0	±	0	34.35	±	3.435	0.0	±	0	0.0	±	0	0.0	±	0	0.0	±	0	0.0	±	0	0.0	±	0	0.0	±	0	
HLT_Photon90_CaloIdL_PFHT600_v1	EXO	8076.0305	±	8075.00002192	0.0	±	0	8075.0	±	8075.0	0.0	±	0	0.0	±	0	0.0	±	0	0.0	±	0	0.0	±	0	0.0	±	0	0.0	±	0	0.0	±	0	1.0305	±	0.5949594524	0.0	±	0	0.0	±	0	0.0	±	0	0.0	±	0	0.0	±	0	0.0	±	0	0.0	±	0	
HLT_MET60_IsoTrk35_Loose_v1	EXO	0.0	±	0	0.0	±	0	0.0	±	0	0.0	±	0	0.0	±	0	0.0	±	0	0.0	±	0	0.0	±	0	0.0	±	0	0.0	±	0	0.0	±	0	0.0	±	0	0.0	±	0	0.0	±	0	0.0	±	0	0.0	±	0	0.0	±	0	0.0	±	0	0.0	±	0	
HLT_PFHT200_DiPFJetAve90_PFAlphaT0p63_v1	SUSY	0.0	±	0	0.0	±	0	0.0	±	0	0.0	±	0	0.0	±	0	0.0	±	0	0.0	±	0	0.0	±	0	0.0	±	0	0.0	±	0	0.0	±	0	0.0	±	0	0.0	±	0	0.0	±	0	0.0	±	0	0.0	±	0	0.0	±	0	0.0	±	0	0.0	±	0	
HLT_Rsq0p25_v1	SUSY	0.3435	±	0.3435	0.0	±	0	0.0	±	0	0.0	±	0	0.0	±	0	0.0	±	0	0.0	±	0	0.0	±	0	0.0	±	0	0.0	±	0	0.0	±	0	0.3435	±	0.3435	0.0	±	0	0.0	±	0	0.0	±	0	0.0	±	0	0.0	±	0	0.0	±	0	0.0	±	0	
HLT_DiPFJetAve60_v1	JetMET	0.0	±	0	0.0	±	0	0.0	±	0	0.0	±	0	0.0	±	0	0.0	±	0	0.0	±	0	0.0	±	0	0.0	±	0	0.0	±	0	0.0	±	0	0.0	±	0	0.0	±	0	0.0	±	0	0.0	±	0	0.0	±	0	0.0	±	0	0.0	±	0	0.0	±	0	
HLT_DiPFJetAve140_v1	JetMET	0.0	±	0	0.0	±	0	0.0	±	0	0.0	±	0	0.0	±	0	0.0	±	0	0.0	±	0	0.0	±	0	0.0	±	0	0.0	±	0	0.0	±	0	0.0	±	0	0.0	±	0	0.0	±	0	0.0	±	0	0.0	±	0	0.0	±	0	0.0	±	0	0.0	±	0	
HLT_Mu38NoFiltersNoVtxDisplaced_DisplacedJet60_Loose_v2	EXO	0.0	±	0	0.0	±	0	0.0	±	0	0.0	±	0	0.0	±	0	0.0	±	0	0.0	±	0	0.0	±	0	0.0	±	0	0.0	±	0	0.0	±	0	0.0	±	0	0.0	±	0	0.0	±	0	0.0	±	0	0.0	±	0	0.0	±	0	0.0	±	0	0.0	±	0	
HLT_IsoMu17_eta2p1_LooseIsoPFTau20_SingleL1_v2	TAU,HIG	0.0	±	0	0.0	±	0	0.0	±	0	0.0	±	0	0.0	±	0	0.0	±	0	0.0	±	0	0.0	±	0	0.0	±	0	0.0	±	0	0.0	±	0	0.0	±	0	0.0	±	0	0.0	±	0	0.0	±	0	0.0	±	0	0.0	±	0	0.0	±	0	0.0	±	0	
HLT_CaloJet500_NoJetID_v2	EXO	565284.35	±	67560.29723	0.0	±	0	565250.0	±	67560.2971426	0.0	±	0	0.0	±	0	0.0	±	0	0.0	±	0	0.0	±	0	0.0	±	0	0.0	±	0	0.0	±	0	34.35	±	3.435	0.0	±	0	0.0	±	0	0.0	±	0	0.0	±	0	0.0	±	0	0.0	±	0	0.0	±	0	
HLT_Dimuon10_Jpsi_Barrel_v1	BPH	0.0	±	0	0.0	±	0	0.0	±	0	0.0	±	0	0.0	±	0	0.0	±	0	0.0	±	0	0.0	±	0	0.0	±	0	0.0	±	0	0.0	±	0	0.0	±	0	0.0	±	0	0.0	±	0	0.0	±	0	0.0	±	0	0.0	±	0	0.0	±	0	0.0	±	0	
HLT_Mu8_TrkIsoVVL_Ele17_CaloIdL_TrackIdL_IsoVL_v2	HIG,SMP	0.0	±	0	0.0	±	0	0.0	±	0	0.0	±	0	0.0	±	0	0.0	±	0	0.0	±	0	0.0	±	0	0.0	±	0	0.0	±	0	0.0	±	0	0.0	±	0	0.0	±	0	0.0	±	0	0.0	±	0	0.0	±	0	0.0	±	0	0.0	±	0	0.0	±	0	
HLT_IsoMu17_eta2p1_MediumIsoPFTau40_Trk1_eta2p1_Reg_v2	TAU,HIG	0.0	±	0	0.0	±	0	0.0	±	0	0.0	±	0	0.0	±	0	0.0	±	0	0.0	±	0	0.0	±	0	0.0	±	0	0.0	±	0	0.0	±	0	0.0	±	0	0.0	±	0	0.0	±	0	0.0	±	0	0.0	±	0	0.0	±	0	0.0	±	0	0.0	±	0	
HLT_JetE70_NoBPTX3BX_NoHalo_v2	EXO	0.0	±	0	0.0	±	0	0.0	±	0	0.0	±	0	0.0	±	0	0.0	±	0	0.0	±	0	0.0	±	0	0.0	±	0	0.0	±	0	0.0	±	0	0.0	±	0	0.0	±	0	0.0	±	0	0.0	±	0	0.0	±	0	0.0	±	0	0.0	±	0	0.0	±	0	
HLT_RsqMR270_Rsq0p09_MR200_v1	SUSY	0.3435	±	0.3435	0.0	±	0	0.0	±	0	0.0	±	0	0.0	±	0	0.0	±	0	0.0	±	0	0.0	±	0	0.0	±	0	0.0	±	0	0.0	±	0	0.3435	±	0.3435	0.0	±	0	0.0	±	0	0.0	±	0	0.0	±	0	0.0	±	0	0.0	±	0	0.0	±	0	
HLT_Mu38NoFiltersNoVtx_DisplacedJet60_Loose_v2	EXO	0.0	±	0	0.0	±	0	0.0	±	0	0.0	±	0	0.0	±	0	0.0	±	0	0.0	±	0	0.0	±	0	0.0	±	0	0.0	±	0	0.0	±	0	0.0	±	0	0.0	±	0	0.0	±	0	0.0	±	0	0.0	±	0	0.0	±	0	0.0	±	0	0.0	±	0	
HLT_ZeroBias_v1	TSG	0.0	±	0	0.0	±	0	0.0	±	0	0.0	±	0	0.0	±	0	0.0	±	0	0.0	±	0	0.0	±	0	0.0	±	0	0.0	±	0	0.0	±	0	0.0	±	0	0.0	±	0	0.0	±	0	0.0	±	0	0.0	±	0	0.0	±	0	0.0	±	0	0.0	±	0	
HLT_Photon75_R9Id90_HE10_IsoM_v2	SMP,SUSY	0.0	±	0	0.0	±	0	0.0	±	0	0.0	±	0	0.0	±	0	0.0	±	0	0.0	±	0	0.0	±	0	0.0	±	0	0.0	±	0	0.0	±	0	0.0	±	0	0.0	±	0	0.0	±	0	0.0	±	0	0.0	±	0	0.0	±	0	0.0	±	0	0.0	±	0	
HLT_Photon120_R9Id90_HE10_IsoM_v2	SMP,SUSY	0.0	±	0	0.0	±	0	0.0	±	0	0.0	±	0	0.0	±	0	0.0	±	0	0.0	±	0	0.0	±	0	0.0	±	0	0.0	±	0	0.0	±	0	0.0	±	0	0.0	±	0	0.0	±	0	0.0	±	0	0.0	±	0	0.0	±	0	0.0	±	0	0.0	±	0	
HLT_Ele22_eta2p1_WPTight_Gsf_v1	TAU,HIG	0.0	±	0	0.0	±	0	0.0	±	0	0.0	±	0	0.0	±	0	0.0	±	0	0.0	±	0	0.0	±	0	0.0	±	0	0.0	±	0	0.0	±	0	0.0	±	0	0.0	±	0	0.0	±	0	0.0	±	0	0.0	±	0	0.0	±	0	0.0	±	0	0.0	±	0	
HLT_PFJet80_v2	SMP	0.0	±	0	0.0	±	0	0.0	±	0	0.0	±	0	0.0	±	0	0.0	±	0	0.0	±	0	0.0	±	0	0.0	±	0	0.0	±	0	0.0	±	0	0.0	±	0	0.0	±	0	0.0	±	0	0.0	±	0	0.0	±	0	0.0	±	0	0.0	±	0	0.0	±	0	
HLT_PFHT350_DiPFJetAve90_PFAlphaT0p53_v1	SUSY	0.0	±	0	0.0	±	0	0.0	±	0	0.0	±	0	0.0	±	0	0.0	±	0	0.0	±	0	0.0	±	0	0.0	±	0	0.0	±	0	0.0	±	0	0.0	±	0	0.0	±	0	0.0	±	0	0.0	±	0	0.0	±	0	0.0	±	0	0.0	±	0	0.0	±	0	
HLT_HT2500_v1	PPD	565284.35	±	67560.29723	0.0	±	0	565250.0	±	67560.2971426	0.0	±	0	0.0	±	0	0.0	±	0	0.0	±	0	0.0	±	0	0.0	±	0	0.0	±	0	0.0	±	0	34.35	±	3.435	0.0	±	0	0.0	±	0	0.0	±	0	0.0	±	0	0.0	±	0	0.0	±	0	0.0	±	0	
HLT_TrkMu15_DoubleTrkMu5NoFiltersNoVtx_v2	EXO,SUSY	0.0	±	0	0.0	±	0	0.0	±	0	0.0	±	0	0.0	±	0	0.0	±	0	0.0	±	0	0.0	±	0	0.0	±	0	0.0	±	0	0.0	±	0	0.0	±	0	0.0	±	0	0.0	±	0	0.0	±	0	0.0	±	0	0.0	±	0	0.0	±	0	0.0	±	0	
HLT_Mu33NoFiltersNoVtxDisplaced_DisplacedJet50_Tight_v2	EXO	0.0	±	0	0.0	±	0	0.0	±	0	0.0	±	0	0.0	±	0	0.0	±	0	0.0	±	0	0.0	±	0	0.0	±	0	0.0	±	0	0.0	±	0	0.0	±	0	0.0	±	0	0.0	±	0	0.0	±	0	0.0	±	0	0.0	±	0	0.0	±	0	0.0	±	0	
HLT_PFHT400_v1	SUSY	0.0	±	0	0.0	±	0	0.0	±	0	0.0	±	0	0.0	±	0	0.0	±	0	0.0	±	0	0.0	±	0	0.0	±	0	0.0	±	0	0.0	±	0	0.0	±	0	0.0	±	0	0.0	±	0	0.0	±	0	0.0	±	0	0.0	±	0	0.0	±	0	0.0	±	0	
HLT_Ele23_Ele12_CaloIdL_TrackIdL_IsoVL_DZ_v2	HIG,TOP,SMP,B2G	0.0	±	0	0.0	±	0	0.0	±	0	0.0	±	0	0.0	±	0	0.0	±	0	0.0	±	0	0.0	±	0	0.0	±	0	0.0	±	0	0.0	±	0	0.0	±	0	0.0	±	0	0.0	±	0	0.0	±	0	0.0	±	0	0.0	±	0	0.0	±	0	0.0	±	0	
HLT_Mu7p5_L2Mu2_Jpsi_v1	BPH	0.0	±	0	0.0	±	0	0.0	±	0	0.0	±	0	0.0	±	0	0.0	±	0	0.0	±	0	0.0	±	0	0.0	±	0	0.0	±	0	0.0	±	0	0.0	±	0	0.0	±	0	0.0	±	0	0.0	±	0	0.0	±	0	0.0	±	0	0.0	±	0	0.0	±	0	
HLT_DiPFJetAve100_HFJEC_v2	NoGroup	0.0	±	0	0.0	±	0	0.0	±	0	0.0	±	0	0.0	±	0	0.0	±	0	0.0	±	0	0.0	±	0	0.0	±	0	0.0	±	0	0.0	±	0	0.0	±	0	0.0	±	0	0.0	±	0	0.0	±	0	0.0	±	0	0.0	±	0	0.0	±	0	0.0	±	0	
HLT_DoubleMu4_JpsiTrk_Displaced_v2	BPH	0.0	±	0	0.0	±	0	0.0	±	0	0.0	±	0	0.0	±	0	0.0	±	0	0.0	±	0	0.0	±	0	0.0	±	0	0.0	±	0	0.0	±	0	0.0	±	0	0.0	±	0	0.0	±	0	0.0	±	0	0.0	±	0	0.0	±	0	0.0	±	0	0.0	±	0	
HLT_HT350_DisplacedDijet80_DisplacedTrack_v2	EXO	0.0	±	0	0.0	±	0	0.0	±	0	0.0	±	0	0.0	±	0	0.0	±	0	0.0	±	0	0.0	±	0	0.0	±	0	0.0	±	0	0.0	±	0	0.0	±	0	0.0	±	0	0.0	±	0	0.0	±	0	0.0	±	0	0.0	±	0	0.0	±	0	0.0	±	0	
HLT_Mu12_Photon25_CaloIdL_L1ISO_v2	HIG	0.0	±	0	0.0	±	0	0.0	±	0	0.0	±	0	0.0	±	0	0.0	±	0	0.0	±	0	0.0	±	0	0.0	±	0	0.0	±	0	0.0	±	0	0.0	±	0	0.0	±	0	0.0	±	0	0.0	±	0	0.0	±	0	0.0	±	0	0.0	±	0	0.0	±	0	
HLT_DoubleEle8_CaloIdM_TrackIdM_Mass8_PFHT300_v2	SUSY	0.3435	±	0.3435	0.0	±	0	0.0	±	0	0.0	±	0	0.0	±	0	0.0	±	0	0.0	±	0	0.0	±	0	0.0	±	0	0.0	±	0	0.0	±	0	0.3435	±	0.3435	0.0	±	0	0.0	±	0	0.0	±	0	0.0	±	0	0.0	±	0	0.0	±	0	0.0	±	0	
HLT_DoubleEle24_22_eta2p1_WPLoose_Gsf_v1	TAU,HIG	0.0	±	0	0.0	±	0	0.0	±	0	0.0	±	0	0.0	±	0	0.0	±	0	0.0	±	0	0.0	±	0	0.0	±	0	0.0	±	0	0.0	±	0	0.0	±	0	0.0	±	0	0.0	±	0	0.0	±	0	0.0	±	0	0.0	±	0	0.0	±	0	0.0	±	0	
HLT_Mu17_TrkIsoVVL_TkMu8_TrkIsoVVL_DZ_v2	TOP,HIG,SMP,B2G	8076.0305	±	8075.00002192	0.0	±	0	8075.0	±	8075.0	0.0	±	0	0.0	±	0	0.0	±	0	0.0	±	0	0.0	±	0	0.0	±	0	0.0	±	0	0.0	±	0	1.0305	±	0.5949594524	0.0	±	0	0.0	±	0	0.0	±	0	0.0	±	0	0.0	±	0	0.0	±	0	0.0	±	0	
HLT_Mu17_TrkIsoVVL_Mu8_TrkIsoVVL_DZ_v2	TOP,HIG,SMP,B2G	0.0	±	0	0.0	±	0	0.0	±	0	0.0	±	0	0.0	±	0	0.0	±	0	0.0	±	0	0.0	±	0	0.0	±	0	0.0	±	0	0.0	±	0	0.0	±	0	0.0	±	0	0.0	±	0	0.0	±	0	0.0	±	0	0.0	±	0	0.0	±	0	0.0	±	0	
HLT_Mu24_eta2p1_v1	SMP	0.0	±	0	0.0	±	0	0.0	±	0	0.0	±	0	0.0	±	0	0.0	±	0	0.0	±	0	0.0	±	0	0.0	±	0	0.0	±	0	0.0	±	0	0.0	±	0	0.0	±	0	0.0	±	0	0.0	±	0	0.0	±	0	0.0	±	0	0.0	±	0	0.0	±	0	
HLT_Ele23_CaloIdL_TrackIdL_IsoVL_v2	HIG	0.0	±	0	0.0	±	0	0.0	±	0	0.0	±	0	0.0	±	0	0.0	±	0	0.0	±	0	0.0	±	0	0.0	±	0	0.0	±	0	0.0	±	0	0.0	±	0	0.0	±	0	0.0	±	0	0.0	±	0	0.0	±	0	0.0	±	0	0.0	±	0	0.0	±	0	
HLT_Ele33_CaloIdM_TrackIdM_PFJet30_v2	SUSY	0.0	±	0	0.0	±	0	0.0	±	0	0.0	±	0	0.0	±	0	0.0	±	0	0.0	±	0	0.0	±	0	0.0	±	0	0.0	±	0	0.0	±	0	0.0	±	0	0.0	±	0	0.0	±	0	0.0	±	0	0.0	±	0	0.0	±	0	0.0	±	0	0.0	±	0	
HLT_RsqMR270_Rsq0p09_MR200_4jet_v1	SUSY	0.3435	±	0.3435	0.0	±	0	0.0	±	0	0.0	±	0	0.0	±	0	0.0	±	0	0.0	±	0	0.0	±	0	0.0	±	0	0.0	±	0	0.0	±	0	0.3435	±	0.3435	0.0	±	0	0.0	±	0	0.0	±	0	0.0	±	0	0.0	±	0	0.0	±	0	0.0	±	0	
HLT_Mu17_Photon30_CaloIdL_L1ISO_v2	HIG	0.3435	±	0.3435	0.0	±	0	0.0	±	0	0.0	±	0	0.0	±	0	0.0	±	0	0.0	±	0	0.0	±	0	0.0	±	0	0.0	±	0	0.0	±	0	0.3435	±	0.3435	0.0	±	0	0.0	±	0	0.0	±	0	0.0	±	0	0.0	±	0	0.0	±	0	0.0	±	0	
HLT_JetE50_NoBPTX3BX_NoHalo_v2	EXO	0.0	±	0	0.0	±	0	0.0	±	0	0.0	±	0	0.0	±	0	0.0	±	0	0.0	±	0	0.0	±	0	0.0	±	0	0.0	±	0	0.0	±	0	0.0	±	0	0.0	±	0	0.0	±	0	0.0	±	0	0.0	±	0	0.0	±	0	0.0	±	0	0.0	±	0	
HLT_QuadMuon0_Dimuon0_Jpsi_v1	BPH	0.0	±	0	0.0	±	0	0.0	±	0	0.0	±	0	0.0	±	0	0.0	±	0	0.0	±	0	0.0	±	0	0.0	±	0	0.0	±	0	0.0	±	0	0.0	±	0	0.0	±	0	0.0	±	0	0.0	±	0	0.0	±	0	0.0	±	0	0.0	±	0	0.0	±	0	
HLT_Ele15_PFHT300_v2	SUSY	0.0	±	0	0.0	±	0	0.0	±	0	0.0	±	0	0.0	±	0	0.0	±	0	0.0	±	0	0.0	±	0	0.0	±	0	0.0	±	0	0.0	±	0	0.0	±	0	0.0	±	0	0.0	±	0	0.0	±	0	0.0	±	0	0.0	±	0	0.0	±	0	0.0	±	0	
HLT_VBF_DisplacedJet40_TightID_DisplacedTrack_v2	EXO	0.0	±	0	0.0	±	0	0.0	±	0	0.0	±	0	0.0	±	0	0.0	±	0	0.0	±	0	0.0	±	0	0.0	±	0	0.0	±	0	0.0	±	0	0.0	±	0	0.0	±	0	0.0	±	0	0.0	±	0	0.0	±	0	0.0	±	0	0.0	±	0	0.0	±	0	
HLT_Photon120_v2	SMP,EXO	0.0	±	0	0.0	±	0	0.0	±	0	0.0	±	0	0.0	±	0	0.0	±	0	0.0	±	0	0.0	±	0	0.0	±	0	0.0	±	0	0.0	±	0	0.0	±	0	0.0	±	0	0.0	±	0	0.0	±	0	0.0	±	0	0.0	±	0	0.0	±	0	0.0	±	0	
HLT_DoubleMu38NoFiltersNoVtx_v1	EXO	0.0	±	0	0.0	±	0	0.0	±	0	0.0	±	0	0.0	±	0	0.0	±	0	0.0	±	0	0.0	±	0	0.0	±	0	0.0	±	0	0.0	±	0	0.0	±	0	0.0	±	0	0.0	±	0	0.0	±	0	0.0	±	0	0.0	±	0	0.0	±	0	0.0	±	0	
HLT_Mu23_TrkIsoVVL_Ele12_CaloIdL_TrackIdL_IsoVL_v2	HIG,TOP,SMP	0.0	±	0	0.0	±	0	0.0	±	0	0.0	±	0	0.0	±	0	0.0	±	0	0.0	±	0	0.0	±	0	0.0	±	0	0.0	±	0	0.0	±	0	0.0	±	0	0.0	±	0	0.0	±	0	0.0	±	0	0.0	±	0	0.0	±	0	0.0	±	0	0.0	±	0	
HLT_BTagMu_Jet300_Mu5_v2	BTV	129210.305	±	32300.0000548	0.0	±	0	129200.0	±	32300.0	0.0	±	0	0.0	±	0	0.0	±	0	0.0	±	0	0.0	±	0	0.0	±	0	0.0	±	0	0.0	±	0	10.305	±	1.88142698503	0.0	±	0	0.0	±	0	0.0	±	0	0.0	±	0	0.0	±	0	0.0	±	0	0.0	±	0	
HLT_JetE30_NoBPTX_v2	EXO	0.0	±	0	0.0	±	0	0.0	±	0	0.0	±	0	0.0	±	0	0.0	±	0	0.0	±	0	0.0	±	0	0.0	±	0	0.0	±	0	0.0	±	0	0.0	±	0	0.0	±	0	0.0	±	0	0.0	±	0	0.0	±	0	0.0	±	0	0.0	±	0	0.0	±	0	
HLT_Ele32_eta2p1_WPLoose_Gsf_LooseIsoPFTau20_v1	TAU,HIG	0.0	±	0	0.0	±	0	0.0	±	0	0.0	±	0	0.0	±	0	0.0	±	0	0.0	±	0	0.0	±	0	0.0	±	0	0.0	±	0	0.0	±	0	0.0	±	0	0.0	±	0	0.0	±	0	0.0	±	0	0.0	±	0	0.0	±	0	0.0	±	0	0.0	±	0	
HLT_Mu300_v1	Hotline	8075.3435	±	8075.00000731	0.0	±	0	8075.0	±	8075.0	0.0	±	0	0.0	±	0	0.0	±	0	0.0	±	0	0.0	±	0	0.0	±	0	0.0	±	0	0.0	±	0	0.3435	±	0.3435	0.0	±	0	0.0	±	0	0.0	±	0	0.0	±	0	0.0	±	0	0.0	±	0	0.0	±	0	
HLT_CaloMHTNoPU90_PFMET90_PFMHT90_IDTight_v1	HIG	8075.3435	±	8075.00000731	0.0	±	0	8075.0	±	8075.0	0.0	±	0	0.0	±	0	0.0	±	0	0.0	±	0	0.0	±	0	0.0	±	0	0.0	±	0	0.0	±	0	0.3435	±	0.3435	0.0	±	0	0.0	±	0	0.0	±	0	0.0	±	0	0.0	±	0	0.0	±	0	0.0	±	0	
HLT_DoubleMu28NoFiltersNoVtxDisplaced_v1	EXO	0.0	±	0	0.0	±	0	0.0	±	0	0.0	±	0	0.0	±	0	0.0	±	0	0.0	±	0	0.0	±	0	0.0	±	0	0.0	±	0	0.0	±	0	0.0	±	0	0.0	±	0	0.0	±	0	0.0	±	0	0.0	±	0	0.0	±	0	0.0	±	0	0.0	±	0	
HLT_HcalUTCA_v1	NoGroup	565284.35	±	67560.29723	0.0	±	0	565250.0	±	67560.2971426	0.0	±	0	0.0	±	0	0.0	±	0	0.0	±	0	0.0	±	0	0.0	±	0	0.0	±	0	0.0	±	0	34.35	±	3.435	0.0	±	0	0.0	±	0	0.0	±	0	0.0	±	0	0.0	±	0	0.0	±	0	0.0	±	0	
HLT_Ele27_eta2p1_WPTight_Gsf_v1	Egamma	0.0	±	0	0.0	±	0	0.0	±	0	0.0	±	0	0.0	±	0	0.0	±	0	0.0	±	0	0.0	±	0	0.0	±	0	0.0	±	0	0.0	±	0	0.0	±	0	0.0	±	0	0.0	±	0	0.0	±	0	0.0	±	0	0.0	±	0	0.0	±	0	0.0	±	0	
HLT_Mu25_TkMu0_dEta18_Onia_v2	BPH,SMP	1.0305	±	0.5949594524	0.0	±	0	0.0	±	0	0.0	±	0	0.0	±	0	0.0	±	0	0.0	±	0	0.0	±	0	0.0	±	0	0.0	±	0	0.0	±	0	1.0305	±	0.5949594524	0.0	±	0	0.0	±	0	0.0	±	0	0.0	±	0	0.0	±	0	0.0	±	0	0.0	±	0	
HLT_Ele27_eta2p1_WPLoose_Gsf_HT200_v1	HIG	0.0	±	0	0.0	±	0	0.0	±	0	0.0	±	0	0.0	±	0	0.0	±	0	0.0	±	0	0.0	±	0	0.0	±	0	0.0	±	0	0.0	±	0	0.0	±	0	0.0	±	0	0.0	±	0	0.0	±	0	0.0	±	0	0.0	±	0	0.0	±	0	0.0	±	0	
HLT_AK8PFHT700_TrimR0p1PT0p03Mass50_v2	B2G	452227.48	±	60427.7668745	0.0	±	0	452200.0	±	60427.7667964	0.0	±	0	0.0	±	0	0.0	±	0	0.0	±	0	0.0	±	0	0.0	±	0	0.0	±	0	0.0	±	0	27.48	±	3.07235740108	0.0	±	0	0.0	±	0	0.0	±	0	0.0	±	0	0.0	±	0	0.0	±	0	0.0	±	0	
HLT_PFMETNoMu120_NoiseCleaned_PFMHTNoMu120_IDTight_v2	EXO	185736.3355	±	38726.339601	0.0	±	0	185725.0	±	38726.3395508	0.0	±	0	0.0	±	0	0.0	±	0	0.0	±	0	0.0	±	0	0.0	±	0	0.0	±	0	0.0	±	0	11.3355	±	1.97325726909	0.0	±	0	0.0	±	0	0.0	±	0	0.0	±	0	0.0	±	0	0.0	±	0	0.0	±	0	
HLT_Mu28NoFiltersNoVtx_CentralCaloJet40_v2	EXO	0.0	±	0	0.0	±	0	0.0	±	0	0.0	±	0	0.0	±	0	0.0	±	0	0.0	±	0	0.0	±	0	0.0	±	0	0.0	±	0	0.0	±	0	0.0	±	0	0.0	±	0	0.0	±	0	0.0	±	0	0.0	±	0	0.0	±	0	0.0	±	0	0.0	±	0	
HLT_L2Mu10_NoVertex_NoBPTX_v1	EXO	0.0	±	0	0.0	±	0	0.0	±	0	0.0	±	0	0.0	±	0	0.0	±	0	0.0	±	0	0.0	±	0	0.0	±	0	0.0	±	0	0.0	±	0	0.0	±	0	0.0	±	0	0.0	±	0	0.0	±	0	0.0	±	0	0.0	±	0	0.0	±	0	0.0	±	0	
HLT_Ele32_eta2p1_WPLoose_Gsf_TriCentralPFJet50_40_30_v1	TOP	0.0	±	0	0.0	±	0	0.0	±	0	0.0	±	0	0.0	±	0	0.0	±	0	0.0	±	0	0.0	±	0	0.0	±	0	0.0	±	0	0.0	±	0	0.0	±	0	0.0	±	0	0.0	±	0	0.0	±	0	0.0	±	0	0.0	±	0	0.0	±	0	0.0	±	0	
HLT_AK8DiPFJet280_200_TrimMass30_BTagCSV0p45_v2	B2G	508755.5715	±	64093.3255925	0.0	±	0	508725.0	±	64093.3255105	0.0	±	0	0.0	±	0	0.0	±	0	0.0	±	0	0.0	±	0	0.0	±	0	0.0	±	0	0.0	±	0	30.5715	±	3.24057251886	0.0	±	0	0.0	±	0	0.0	±	0	0.0	±	0	0.0	±	0	0.0	±	0	0.0	±	0	
HLT_PFJet320_v2	SMP	8076.0305	±	8075.00002192	0.0	±	0	8075.0	±	8075.0	0.0	±	0	0.0	±	0	0.0	±	0	0.0	±	0	0.0	±	0	0.0	±	0	0.0	±	0	0.0	±	0	1.0305	±	0.5949594524	0.0	±	0	0.0	±	0	0.0	±	0	0.0	±	0	0.0	±	0	0.0	±	0	0.0	±	0	
HLT_DoubleMu4_LowMassNonResonantTrk_Displaced_v2	BPH	0.0	±	0	0.0	±	0	0.0	±	0	0.0	±	0	0.0	±	0	0.0	±	0	0.0	±	0	0.0	±	0	0.0	±	0	0.0	±	0	0.0	±	0	0.0	±	0	0.0	±	0	0.0	±	0	0.0	±	0	0.0	±	0	0.0	±	0	0.0	±	0	0.0	±	0	
HLT_Mu16_TkMu0_dEta18_Onia_v2	BPH,SMP	1.0305	±	0.5949594524	0.0	±	0	0.0	±	0	0.0	±	0	0.0	±	0	0.0	±	0	0.0	±	0	0.0	±	0	0.0	±	0	0.0	±	0	0.0	±	0	1.0305	±	0.5949594524	0.0	±	0	0.0	±	0	0.0	±	0	0.0	±	0	0.0	±	0	0.0	±	0	0.0	±	0	
HLT_PFHT450_SixJet40_v2	HIG	0.0	±	0	0.0	±	0	0.0	±	0	0.0	±	0	0.0	±	0	0.0	±	0	0.0	±	0	0.0	±	0	0.0	±	0	0.0	±	0	0.0	±	0	0.0	±	0	0.0	±	0	0.0	±	0	0.0	±	0	0.0	±	0	0.0	±	0	0.0	±	0	0.0	±	0	
HLT_DiPFJetAve200_v1	JetMET	0.0	±	0	0.0	±	0	0.0	±	0	0.0	±	0	0.0	±	0	0.0	±	0	0.0	±	0	0.0	±	0	0.0	±	0	0.0	±	0	0.0	±	0	0.0	±	0	0.0	±	0	0.0	±	0	0.0	±	0	0.0	±	0	0.0	±	0	0.0	±	0	0.0	±	0	
HLT_Mu17_Mu8_SameSign_DPhi_v1	HIG	0.0	±	0	0.0	±	0	0.0	±	0	0.0	±	0	0.0	±	0	0.0	±	0	0.0	±	0	0.0	±	0	0.0	±	0	0.0	±	0	0.0	±	0	0.0	±	0	0.0	±	0	0.0	±	0	0.0	±	0	0.0	±	0	0.0	±	0	0.0	±	0	0.0	±	0	
HLT_BTagMu_DiJet40_Mu5_v2	BTV	0.0	±	0	0.0	±	0	0.0	±	0	0.0	±	0	0.0	±	0	0.0	±	0	0.0	±	0	0.0	±	0	0.0	±	0	0.0	±	0	0.0	±	0	0.0	±	0	0.0	±	0	0.0	±	0	0.0	±	0	0.0	±	0	0.0	±	0	0.0	±	0	0.0	±	0	
HLT_QuadPFJet_SingleBTagCSV_VBF_Mqq500_v2	HIG	0.0	±	0	0.0	±	0	0.0	±	0	0.0	±	0	0.0	±	0	0.0	±	0	0.0	±	0	0.0	±	0	0.0	±	0	0.0	±	0	0.0	±	0	0.0	±	0	0.0	±	0	0.0	±	0	0.0	±	0	0.0	±	0	0.0	±	0	0.0	±	0	0.0	±	0	
HLT_PFHT250_v1	SUSY	0.0	±	0	0.0	±	0	0.0	±	0	0.0	±	0	0.0	±	0	0.0	±	0	0.0	±	0	0.0	±	0	0.0	±	0	0.0	±	0	0.0	±	0	0.0	±	0	0.0	±	0	0.0	±	0	0.0	±	0	0.0	±	0	0.0	±	0	0.0	±	0	0.0	±	0	
HLT_Dimuon8_PsiPrime_Barrel_v1	BPH	0.0	±	0	0.0	±	0	0.0	±	0	0.0	±	0	0.0	±	0	0.0	±	0	0.0	±	0	0.0	±	0	0.0	±	0	0.0	±	0	0.0	±	0	0.0	±	0	0.0	±	0	0.0	±	0	0.0	±	0	0.0	±	0	0.0	±	0	0.0	±	0	0.0	±	0	
HLT_Mu7p5_Track7_Jpsi_v2	BPH	0.0	±	0	0.0	±	0	0.0	±	0	0.0	±	0	0.0	±	0	0.0	±	0	0.0	±	0	0.0	±	0	0.0	±	0	0.0	±	0	0.0	±	0	0.0	±	0	0.0	±	0	0.0	±	0	0.0	±	0	0.0	±	0	0.0	±	0	0.0	±	0	0.0	±	0	
HLT_Photon500_v1	Egamma	8075.687	±	8075.00001461	0.0	±	0	8075.0	±	8075.0	0.0	±	0	0.0	±	0	0.0	±	0	0.0	±	0	0.0	±	0	0.0	±	0	0.0	±	0	0.0	±	0	0.687	±	0.485782358675	0.0	±	0	0.0	±	0	0.0	±	0	0.0	±	0	0.0	±	0	0.0	±	0	0.0	±	0	
HLT_Diphoton30PV_18PV_R9Id_AND_IsoCaloId_AND_HE_R9Id_DoublePixelVeto_Mass55_v1	HIG,SMP	0.0	±	0	0.0	±	0	0.0	±	0	0.0	±	0	0.0	±	0	0.0	±	0	0.0	±	0	0.0	±	0	0.0	±	0	0.0	±	0	0.0	±	0	0.0	±	0	0.0	±	0	0.0	±	0	0.0	±	0	0.0	±	0	0.0	±	0	0.0	±	0	0.0	±	0	
HLT_PFJet260_v2	JME,SMP	0.3435	±	0.3435	0.0	±	0	0.0	±	0	0.0	±	0	0.0	±	0	0.0	±	0	0.0	±	0	0.0	±	0	0.0	±	0	0.0	±	0	0.0	±	0	0.3435	±	0.3435	0.0	±	0	0.0	±	0	0.0	±	0	0.0	±	0	0.0	±	0	0.0	±	0	0.0	±	0	
HLT_PFHT600_v2	SUSY,EXO	0.3435	±	0.3435	0.0	±	0	0.0	±	0	0.0	±	0	0.0	±	0	0.0	±	0	0.0	±	0	0.0	±	0	0.0	±	0	0.0	±	0	0.0	±	0	0.3435	±	0.3435	0.0	±	0	0.0	±	0	0.0	±	0	0.0	±	0	0.0	±	0	0.0	±	0	0.0	±	0	
HLT_Ele45_CaloIdVT_GsfTrkIdT_PFJet200_PFJet50_v2	B2G	0.3435	±	0.3435	0.0	±	0	0.0	±	0	0.0	±	0	0.0	±	0	0.0	±	0	0.0	±	0	0.0	±	0	0.0	±	0	0.0	±	0	0.0	±	0	0.3435	±	0.3435	0.0	±	0	0.0	±	0	0.0	±	0	0.0	±	0	0.0	±	0	0.0	±	0	0.0	±	0	
HLT_PFHT250_DiPFJetAve90_PFAlphaT0p55_v1	SUSY	0.0	±	0	0.0	±	0	0.0	±	0	0.0	±	0	0.0	±	0	0.0	±	0	0.0	±	0	0.0	±	0	0.0	±	0	0.0	±	0	0.0	±	0	0.0	±	0	0.0	±	0	0.0	±	0	0.0	±	0	0.0	±	0	0.0	±	0	0.0	±	0	0.0	±	0	
HLT_Mu16_TkMu0_dEta18_Phi_v2	BPH	0.3435	±	0.3435	0.0	±	0	0.0	±	0	0.0	±	0	0.0	±	0	0.0	±	0	0.0	±	0	0.0	±	0	0.0	±	0	0.0	±	0	0.0	±	0	0.3435	±	0.3435	0.0	±	0	0.0	±	0	0.0	±	0	0.0	±	0	0.0	±	0	0.0	±	0	0.0	±	0	
HLT_Mu50_eta2p1_v1	EXO	8076.0305	±	8075.00002192	0.0	±	0	8075.0	±	8075.0	0.0	±	0	0.0	±	0	0.0	±	0	0.0	±	0	0.0	±	0	0.0	±	0	0.0	±	0	0.0	±	0	1.0305	±	0.5949594524	0.0	±	0	0.0	±	0	0.0	±	0	0.0	±	0	0.0	±	0	0.0	±	0	0.0	±	0	
HLT_PFMET120_NoiseCleaned_Mu5_v2	SUSY	40377.748	±	18056.2489444	0.0	±	0	40375.0	±	18056.2489183	0.0	±	0	0.0	±	0	0.0	±	0	0.0	±	0	0.0	±	0	0.0	±	0	0.0	±	0	0.0	±	0	2.748	±	0.97156471735	0.0	±	0	0.0	±	0	0.0	±	0	0.0	±	0	0.0	±	0	0.0	±	0	0.0	±	0	
HLT_MET250_v1	NoGroup	48453.435	±	19779.6297028	0.0	±	0	48450.0	±	19779.629673	0.0	±	0	0.0	±	0	0.0	±	0	0.0	±	0	0.0	±	0	0.0	±	0	0.0	±	0	0.0	±	0	3.435	±	1.08624237627	0.0	±	0	0.0	±	0	0.0	±	0	0.0	±	0	0.0	±	0	0.0	±	0	0.0	±	0	
HLT_IsoMu16_eta2p1_CaloMET30_v2	TAU,HIG	0.0	±	0	0.0	±	0	0.0	±	0	0.0	±	0	0.0	±	0	0.0	±	0	0.0	±	0	0.0	±	0	0.0	±	0	0.0	±	0	0.0	±	0	0.0	±	0	0.0	±	0	0.0	±	0	0.0	±	0	0.0	±	0	0.0	±	0	0.0	±	0	0.0	±	0	
HLT_Mu15_IsoVVVL_PFHT350_PFMET70_v1	SUSY	0.0	±	0	0.0	±	0	0.0	±	0	0.0	±	0	0.0	±	0	0.0	±	0	0.0	±	0	0.0	±	0	0.0	±	0	0.0	±	0	0.0	±	0	0.0	±	0	0.0	±	0	0.0	±	0	0.0	±	0	0.0	±	0	0.0	±	0	0.0	±	0	0.0	±	0	
HLT_Ele18_CaloIdM_TrackIdM_PFJet30_v2	SUSY	0.0	±	0	0.0	±	0	0.0	±	0	0.0	±	0	0.0	±	0	0.0	±	0	0.0	±	0	0.0	±	0	0.0	±	0	0.0	±	0	0.0	±	0	0.0	±	0	0.0	±	0	0.0	±	0	0.0	±	0	0.0	±	0	0.0	±	0	0.0	±	0	0.0	±	0	
HLT_Mu50_v1	EXO,B2G	8076.0305	±	8075.00002192	0.0	±	0	8075.0	±	8075.0	0.0	±	0	0.0	±	0	0.0	±	0	0.0	±	0	0.0	±	0	0.0	±	0	0.0	±	0	0.0	±	0	1.0305	±	0.5949594524	0.0	±	0	0.0	±	0	0.0	±	0	0.0	±	0	0.0	±	0	0.0	±	0	0.0	±	0	
HLT_Ele10_CaloIdM_TrackIdM_CentralPFJet30_BTagCSV0p54PF_v2	SUSY	0.0	±	0	0.0	±	0	0.0	±	0	0.0	±	0	0.0	±	0	0.0	±	0	0.0	±	0	0.0	±	0	0.0	±	0	0.0	±	0	0.0	±	0	0.0	±	0	0.0	±	0	0.0	±	0	0.0	±	0	0.0	±	0	0.0	±	0	0.0	±	0	0.0	±	0	
HLT_Ele23_Ele12_CaloIdL_TrackIdL_IsoVL_v2	HIG,TOP,SMP	0.0	±	0	0.0	±	0	0.0	±	0	0.0	±	0	0.0	±	0	0.0	±	0	0.0	±	0	0.0	±	0	0.0	±	0	0.0	±	0	0.0	±	0	0.0	±	0	0.0	±	0	0.0	±	0	0.0	±	0	0.0	±	0	0.0	±	0	0.0	±	0	0.0	±	0	
HLT_VBF_DisplacedJet40_TightID_Hadronic_v2	EXO	0.0	±	0	0.0	±	0	0.0	±	0	0.0	±	0	0.0	±	0	0.0	±	0	0.0	±	0	0.0	±	0	0.0	±	0	0.0	±	0	0.0	±	0	0.0	±	0	0.0	±	0	0.0	±	0	0.0	±	0	0.0	±	0	0.0	±	0	0.0	±	0	0.0	±	0	
HLT_Photon50_v2	SMP,EXO	0.0	±	0	0.0	±	0	0.0	±	0	0.0	±	0	0.0	±	0	0.0	±	0	0.0	±	0	0.0	±	0	0.0	±	0	0.0	±	0	0.0	±	0	0.0	±	0	0.0	±	0	0.0	±	0	0.0	±	0	0.0	±	0	0.0	±	0	0.0	±	0	0.0	±	0	
HLT_Photon50_R9Id90_HE10_Iso40_EBOnly_VBF_v2	HIG	0.0	±	0	0.0	±	0	0.0	±	0	0.0	±	0	0.0	±	0	0.0	±	0	0.0	±	0	0.0	±	0	0.0	±	0	0.0	±	0	0.0	±	0	0.0	±	0	0.0	±	0	0.0	±	0	0.0	±	0	0.0	±	0	0.0	±	0	0.0	±	0	0.0	±	0	
HLT_Ele17_Ele12_CaloIdL_TrackIdL_IsoVL_DZ_v2	HIG,SMP	0.0	±	0	0.0	±	0	0.0	±	0	0.0	±	0	0.0	±	0	0.0	±	0	0.0	±	0	0.0	±	0	0.0	±	0	0.0	±	0	0.0	±	0	0.0	±	0	0.0	±	0	0.0	±	0	0.0	±	0	0.0	±	0	0.0	±	0	0.0	±	0	0.0	±	0	
HLT_Photon175_v2	SMP,EXO	16151.0305	±	11419.7745317	0.0	±	0	16150.0	±	11419.7745162	0.0	±	0	0.0	±	0	0.0	±	0	0.0	±	0	0.0	±	0	0.0	±	0	0.0	±	0	0.0	±	0	1.0305	±	0.5949594524	0.0	±	0	0.0	±	0	0.0	±	0	0.0	±	0	0.0	±	0	0.0	±	0	0.0	±	0	
HLT_PFMET90_PFMHT90_IDTight_v1	HIG,HIG	209962.7095	±	41174.5826253	0.0	±	0	209950.0	±	41174.5825723	0.0	±	0	0.0	±	0	0.0	±	0	0.0	±	0	0.0	±	0	0.0	±	0	0.0	±	0	0.0	±	0	12.7095	±	2.08942892916	0.0	±	0	0.0	±	0	0.0	±	0	0.0	±	0	0.0	±	0	0.0	±	0	0.0	±	0	
HLT_Ele12_CaloIdL_TrackIdL_IsoVL_v2	HIG	0.0	±	0	0.0	±	0	0.0	±	0	0.0	±	0	0.0	±	0	0.0	±	0	0.0	±	0	0.0	±	0	0.0	±	0	0.0	±	0	0.0	±	0	0.0	±	0	0.0	±	0	0.0	±	0	0.0	±	0	0.0	±	0	0.0	±	0	0.0	±	0	0.0	±	0	
HLT_Mu30_Ele30_CaloIdL_GsfTrkIdVL_v2	EXO,B2G	0.0	±	0	0.0	±	0	0.0	±	0	0.0	±	0	0.0	±	0	0.0	±	0	0.0	±	0	0.0	±	0	0.0	±	0	0.0	±	0	0.0	±	0	0.0	±	0	0.0	±	0	0.0	±	0	0.0	±	0	0.0	±	0	0.0	±	0	0.0	±	0	0.0	±	0	
HLT_Dimuon13_PsiPrime_v1	BPH	0.0	±	0	0.0	±	0	0.0	±	0	0.0	±	0	0.0	±	0	0.0	±	0	0.0	±	0	0.0	±	0	0.0	±	0	0.0	±	0	0.0	±	0	0.0	±	0	0.0	±	0	0.0	±	0	0.0	±	0	0.0	±	0	0.0	±	0	0.0	±	0	0.0	±	0	
HLT_Mu7p5_Track2_Upsilon_v2	BPH	0.0	±	0	0.0	±	0	0.0	±	0	0.0	±	0	0.0	±	0	0.0	±	0	0.0	±	0	0.0	±	0	0.0	±	0	0.0	±	0	0.0	±	0	0.0	±	0	0.0	±	0	0.0	±	0	0.0	±	0	0.0	±	0	0.0	±	0	0.0	±	0	0.0	±	0	
HLT_QuadJet45_TripleBTagCSV0p67_v2	HIG	24228.435	±	13986.3103133	0.0	±	0	24225.0	±	13986.3102711	0.0	±	0	0.0	±	0	0.0	±	0	0.0	±	0	0.0	±	0	0.0	±	0	0.0	±	0	0.0	±	0	3.435	±	1.08624237627	0.0	±	0	0.0	±	0	0.0	±	0	0.0	±	0	0.0	±	0	0.0	±	0	0.0	±	0	
HLT_Mu10_TrkIsoVVL_DiPFJet40_DEta3p5_MJJ750_HTT350_PFMETNoMu60_v2	NoGroup	0.0	±	0	0.0	±	0	0.0	±	0	0.0	±	0	0.0	±	0	0.0	±	0	0.0	±	0	0.0	±	0	0.0	±	0	0.0	±	0	0.0	±	0	0.0	±	0	0.0	±	0	0.0	±	0	0.0	±	0	0.0	±	0	0.0	±	0	0.0	±	0	0.0	±	0	
HLT_L2Mu10_NoVertex_NoBPTX3BX_NoHalo_v1	EXO	0.0	±	0	0.0	±	0	0.0	±	0	0.0	±	0	0.0	±	0	0.0	±	0	0.0	±	0	0.0	±	0	0.0	±	0	0.0	±	0	0.0	±	0	0.0	±	0	0.0	±	0	0.0	±	0	0.0	±	0	0.0	±	0	0.0	±	0	0.0	±	0	0.0	±	0	
HLT_VBF_DisplacedJet40_VTightID_Hadronic_v2	EXO	0.0	±	0	0.0	±	0	0.0	±	0	0.0	±	0	0.0	±	0	0.0	±	0	0.0	±	0	0.0	±	0	0.0	±	0	0.0	±	0	0.0	±	0	0.0	±	0	0.0	±	0	0.0	±	0	0.0	±	0	0.0	±	0	0.0	±	0	0.0	±	0	0.0	±	0	
HLT_IsoMu17_eta2p1_v2	TAU,HIG	0.0	±	0	0.0	±	0	0.0	±	0	0.0	±	0	0.0	±	0	0.0	±	0	0.0	±	0	0.0	±	0	0.0	±	0	0.0	±	0	0.0	±	0	0.0	±	0	0.0	±	0	0.0	±	0	0.0	±	0	0.0	±	0	0.0	±	0	0.0	±	0	0.0	±	0	
HLT_DiCentralPFJet55_PFMET110_NoiseCleaned_v1	SUSY	185737.0225	±	38726.3396041	0.0	±	0	185725.0	±	38726.3395508	0.0	±	0	0.0	±	0	0.0	±	0	0.0	±	0	0.0	±	0	0.0	±	0	0.0	±	0	0.0	±	0	12.0225	±	2.03217340549	0.0	±	0	0.0	±	0	0.0	±	0	0.0	±	0	0.0	±	0	0.0	±	0	0.0	±	0	
HLT_IsoTkMu20_eta2p1_v2	SMP,TOP	0.0	±	0	0.0	±	0	0.0	±	0	0.0	±	0	0.0	±	0	0.0	±	0	0.0	±	0	0.0	±	0	0.0	±	0	0.0	±	0	0.0	±	0	0.0	±	0	0.0	±	0	0.0	±	0	0.0	±	0	0.0	±	0	0.0	±	0	0.0	±	0	0.0	±	0	
HLT_Photon120_R9Id90_HE10_Iso40_EBOnly_PFMET40_v2	HIG	0.0	±	0	0.0	±	0	0.0	±	0	0.0	±	0	0.0	±	0	0.0	±	0	0.0	±	0	0.0	±	0	0.0	±	0	0.0	±	0	0.0	±	0	0.0	±	0	0.0	±	0	0.0	±	0	0.0	±	0	0.0	±	0	0.0	±	0	0.0	±	0	0.0	±	0	
HLT_PFHT650_4Jet_v2	EXO	0.3435	±	0.3435	0.0	±	0	0.0	±	0	0.0	±	0	0.0	±	0	0.0	±	0	0.0	±	0	0.0	±	0	0.0	±	0	0.0	±	0	0.0	±	0	0.3435	±	0.3435	0.0	±	0	0.0	±	0	0.0	±	0	0.0	±	0	0.0	±	0	0.0	±	0	0.0	±	0	
HLT_DoubleJet90_Double30_TripleBTagCSV0p67_v2	HIG	24228.435	±	13986.3103133	0.0	±	0	24225.0	±	13986.3102711	0.0	±	0	0.0	±	0	0.0	±	0	0.0	±	0	0.0	±	0	0.0	±	0	0.0	±	0	0.0	±	0	3.435	±	1.08624237627	0.0	±	0	0.0	±	0	0.0	±	0	0.0	±	0	0.0	±	0	0.0	±	0	0.0	±	0	
HLT_DiPFJetAve260_v1	JetMET	0.3435	±	0.3435	0.0	±	0	0.0	±	0	0.0	±	0	0.0	±	0	0.0	±	0	0.0	±	0	0.0	±	0	0.0	±	0	0.0	±	0	0.0	±	0	0.3435	±	0.3435	0.0	±	0	0.0	±	0	0.0	±	0	0.0	±	0	0.0	±	0	0.0	±	0	0.0	±	0	
HLT_DoubleJet90_Double30_DoubleBTagCSV0p67_v2	HIG	0.0	±	0	0.0	±	0	0.0	±	0	0.0	±	0	0.0	±	0	0.0	±	0	0.0	±	0	0.0	±	0	0.0	±	0	0.0	±	0	0.0	±	0	0.0	±	0	0.0	±	0	0.0	±	0	0.0	±	0	0.0	±	0	0.0	±	0	0.0	±	0	0.0	±	0	
HLT_PFJet60_v2	SMP	0.0	±	0	0.0	±	0	0.0	±	0	0.0	±	0	0.0	±	0	0.0	±	0	0.0	±	0	0.0	±	0	0.0	±	0	0.0	±	0	0.0	±	0	0.0	±	0	0.0	±	0	0.0	±	0	0.0	±	0	0.0	±	0	0.0	±	0	0.0	±	0	0.0	±	0	
HLT_Mu7p5_Track2_Jpsi_v2	BPH	0.0	±	0	0.0	±	0	0.0	±	0	0.0	±	0	0.0	±	0	0.0	±	0	0.0	±	0	0.0	±	0	0.0	±	0	0.0	±	0	0.0	±	0	0.0	±	0	0.0	±	0	0.0	±	0	0.0	±	0	0.0	±	0	0.0	±	0	0.0	±	0	0.0	±	0	
HLT_L1_TripleJet_VBF_v1	HIG	0.0	±	0	0.0	±	0	0.0	±	0	0.0	±	0	0.0	±	0	0.0	±	0	0.0	±	0	0.0	±	0	0.0	±	0	0.0	±	0	0.0	±	0	0.0	±	0	0.0	±	0	0.0	±	0	0.0	±	0	0.0	±	0	0.0	±	0	0.0	±	0	0.0	±	0	
HLT_Photon165_R9Id90_HE10_IsoM_v2	HIG,SUSY,SMP	0.0	±	0	0.0	±	0	0.0	±	0	0.0	±	0	0.0	±	0	0.0	±	0	0.0	±	0	0.0	±	0	0.0	±	0	0.0	±	0	0.0	±	0	0.0	±	0	0.0	±	0	0.0	±	0	0.0	±	0	0.0	±	0	0.0	±	0	0.0	±	0	0.0	±	0	
HLT_PFJet500_v2	SMP,B2G	565284.35	±	67560.29723	0.0	±	0	565250.0	±	67560.2971426	0.0	±	0	0.0	±	0	0.0	±	0	0.0	±	0	0.0	±	0	0.0	±	0	0.0	±	0	0.0	±	0	34.35	±	3.435	0.0	±	0	0.0	±	0	0.0	±	0	0.0	±	0	0.0	±	0	0.0	±	0	0.0	±	0	
HLT_Photon75_R9Id90_HE10_Iso40_EBOnly_VBF_v2	HIG	0.0	±	0	0.0	±	0	0.0	±	0	0.0	±	0	0.0	±	0	0.0	±	0	0.0	±	0	0.0	±	0	0.0	±	0	0.0	±	0	0.0	±	0	0.0	±	0	0.0	±	0	0.0	±	0	0.0	±	0	0.0	±	0	0.0	±	0	0.0	±	0	0.0	±	0	
HLT_IsoTkMu27_v2	SMP,HIG	0.0	±	0	0.0	±	0	0.0	±	0	0.0	±	0	0.0	±	0	0.0	±	0	0.0	±	0	0.0	±	0	0.0	±	0	0.0	±	0	0.0	±	0	0.0	±	0	0.0	±	0	0.0	±	0	0.0	±	0	0.0	±	0	0.0	±	0	0.0	±	0	0.0	±	0	
HLT_Photon90_R9Id90_HE10_Iso40_EBOnly_PFMET40_v2	HIG	0.0	±	0	0.0	±	0	0.0	±	0	0.0	±	0	0.0	±	0	0.0	±	0	0.0	±	0	0.0	±	0	0.0	±	0	0.0	±	0	0.0	±	0	0.0	±	0	0.0	±	0	0.0	±	0	0.0	±	0	0.0	±	0	0.0	±	0	0.0	±	0	0.0	±	0	
HLT_VBF_DisplacedJet40_VVTightID_DisplacedTrack_v2	EXO	0.0	±	0	0.0	±	0	0.0	±	0	0.0	±	0	0.0	±	0	0.0	±	0	0.0	±	0	0.0	±	0	0.0	±	0	0.0	±	0	0.0	±	0	0.0	±	0	0.0	±	0	0.0	±	0	0.0	±	0	0.0	±	0	0.0	±	0	0.0	±	0	0.0	±	0	
HLT_Photon90_R9Id90_HE10_IsoM_v2	SMP,SUSY	0.0	±	0	0.0	±	0	0.0	±	0	0.0	±	0	0.0	±	0	0.0	±	0	0.0	±	0	0.0	±	0	0.0	±	0	0.0	±	0	0.0	±	0	0.0	±	0	0.0	±	0	0.0	±	0	0.0	±	0	0.0	±	0	0.0	±	0	0.0	±	0	0.0	±	0	
HLT_Ele105_CaloIdVT_GsfTrkIdT_v2	EXO,B2G	0.3435	±	0.3435	0.0	±	0	0.0	±	0	0.0	±	0	0.0	±	0	0.0	±	0	0.0	±	0	0.0	±	0	0.0	±	0	0.0	±	0	0.0	±	0	0.3435	±	0.3435	0.0	±	0	0.0	±	0	0.0	±	0	0.0	±	0	0.0	±	0	0.0	±	0	0.0	±	0	
HLT_QuadJet45_DoubleBTagCSV0p67_v2	HIG	0.0	±	0	0.0	±	0	0.0	±	0	0.0	±	0	0.0	±	0	0.0	±	0	0.0	±	0	0.0	±	0	0.0	±	0	0.0	±	0	0.0	±	0	0.0	±	0	0.0	±	0	0.0	±	0	0.0	±	0	0.0	±	0	0.0	±	0	0.0	±	0	0.0	±	0	
HLT_Diphoton30_18_Solid_R9Id_AND_IsoCaloId_AND_HE_R9Id_Mass55_v1	HIG,SMP	0.0	±	0	0.0	±	0	0.0	±	0	0.0	±	0	0.0	±	0	0.0	±	0	0.0	±	0	0.0	±	0	0.0	±	0	0.0	±	0	0.0	±	0	0.0	±	0	0.0	±	0	0.0	±	0	0.0	±	0	0.0	±	0	0.0	±	0	0.0	±	0	0.0	±	0	
HLT_IsoMu20_eta2p1_v2	TOP,TAU	0.0	±	0	0.0	±	0	0.0	±	0	0.0	±	0	0.0	±	0	0.0	±	0	0.0	±	0	0.0	±	0	0.0	±	0	0.0	±	0	0.0	±	0	0.0	±	0	0.0	±	0	0.0	±	0	0.0	±	0	0.0	±	0	0.0	±	0	0.0	±	0	0.0	±	0	
HLT_DoubleMu4_3_Jpsi_Displaced_v1	BPH	0.0	±	0	0.0	±	0	0.0	±	0	0.0	±	0	0.0	±	0	0.0	±	0	0.0	±	0	0.0	±	0	0.0	±	0	0.0	±	0	0.0	±	0	0.0	±	0	0.0	±	0	0.0	±	0	0.0	±	0	0.0	±	0	0.0	±	0	0.0	±	0	0.0	±	0	
HLT_Ele27_eta2p1_WPLoose_Gsf_TriCentralPFJet50_40_30_v1	TOP	0.0	±	0	0.0	±	0	0.0	±	0	0.0	±	0	0.0	±	0	0.0	±	0	0.0	±	0	0.0	±	0	0.0	±	0	0.0	±	0	0.0	±	0	0.0	±	0	0.0	±	0	0.0	±	0	0.0	±	0	0.0	±	0	0.0	±	0	0.0	±	0	0.0	±	0	
HLT_IsoTkMu20_v2	SMP,TOP	0.0	±	0	0.0	±	0	0.0	±	0	0.0	±	0	0.0	±	0	0.0	±	0	0.0	±	0	0.0	±	0	0.0	±	0	0.0	±	0	0.0	±	0	0.0	±	0	0.0	±	0	0.0	±	0	0.0	±	0	0.0	±	0	0.0	±	0	0.0	±	0	0.0	±	0	
HLT_DoubleMediumIsoPFTau40_Trk1_eta2p1_Reg_v2	TAU,HIG	8075.687	±	8075.00001461	0.0	±	0	8075.0	±	8075.0	0.0	±	0	0.0	±	0	0.0	±	0	0.0	±	0	0.0	±	0	0.0	±	0	0.0	±	0	0.0	±	0	0.687	±	0.485782358675	0.0	±	0	0.0	±	0	0.0	±	0	0.0	±	0	0.0	±	0	0.0	±	0	0.0	±	0	
HLT_PFHT550_4Jet_v2	EXO	0.0	±	0	0.0	±	0	0.0	±	0	0.0	±	0	0.0	±	0	0.0	±	0	0.0	±	0	0.0	±	0	0.0	±	0	0.0	±	0	0.0	±	0	0.0	±	0	0.0	±	0	0.0	±	0	0.0	±	0	0.0	±	0	0.0	±	0	0.0	±	0	0.0	±	0	
HLT_Mu15_IsoVVVL_PFHT600_v2	SUSY	0.0	±	0	0.0	±	0	0.0	±	0	0.0	±	0	0.0	±	0	0.0	±	0	0.0	±	0	0.0	±	0	0.0	±	0	0.0	±	0	0.0	±	0	0.0	±	0	0.0	±	0	0.0	±	0	0.0	±	0	0.0	±	0	0.0	±	0	0.0	±	0	0.0	±	0	
HLT_Photon22_v2	SMP,EXO	0.0	±	0	0.0	±	0	0.0	±	0	0.0	±	0	0.0	±	0	0.0	±	0	0.0	±	0	0.0	±	0	0.0	±	0	0.0	±	0	0.0	±	0	0.0	±	0	0.0	±	0	0.0	±	0	0.0	±	0	0.0	±	0	0.0	±	0	0.0	±	0	0.0	±	0	
HLT_Ele32_eta2p1_WPLoose_Gsf_DoubleMediumIsoPFTau40_Trk1_eta2p1_Reg_v1	TAU,HIG,EXO	0.0	±	0	0.0	±	0	0.0	±	0	0.0	±	0	0.0	±	0	0.0	±	0	0.0	±	0	0.0	±	0	0.0	±	0	0.0	±	0	0.0	±	0	0.0	±	0	0.0	±	0	0.0	±	0	0.0	±	0	0.0	±	0	0.0	±	0	0.0	±	0	0.0	±	0	
HLT_HT350_DisplacedDijet40_DisplacedTrack_v2	EXO	0.0	±	0	0.0	±	0	0.0	±	0	0.0	±	0	0.0	±	0	0.0	±	0	0.0	±	0	0.0	±	0	0.0	±	0	0.0	±	0	0.0	±	0	0.0	±	0	0.0	±	0	0.0	±	0	0.0	±	0	0.0	±	0	0.0	±	0	0.0	±	0	0.0	±	0	
HLT_Mu17_TrkIsoVVL_TkMu8_TrkIsoVVL_v2	Muon	0.0	±	0	0.0	±	0	0.0	±	0	0.0	±	0	0.0	±	0	0.0	±	0	0.0	±	0	0.0	±	0	0.0	±	0	0.0	±	0	0.0	±	0	0.0	±	0	0.0	±	0	0.0	±	0	0.0	±	0	0.0	±	0	0.0	±	0	0.0	±	0	0.0	±	0	
HLT_CaloMET200_NoiseCleaned_v2	EXO	72680.496	±	24225.000039	0.0	±	0	72675.0	±	24225.0	0.0	±	0	0.0	±	0	0.0	±	0	0.0	±	0	0.0	±	0	0.0	±	0	0.0	±	0	0.0	±	0	5.496	±	1.374	0.0	±	0	0.0	±	0	0.0	±	0	0.0	±	0	0.0	±	0	0.0	±	0	0.0	±	0	
HLT_Ele23_CaloIdL_TrackIdL_IsoVL_PFJet30_v2	SUSY	0.0	±	0	0.0	±	0	0.0	±	0	0.0	±	0	0.0	±	0	0.0	±	0	0.0	±	0	0.0	±	0	0.0	±	0	0.0	±	0	0.0	±	0	0.0	±	0	0.0	±	0	0.0	±	0	0.0	±	0	0.0	±	0	0.0	±	0	0.0	±	0	0.0	±	0	
HLT_BTagMu_DiJet20_Mu5_v2	BTV	0.0	±	0	0.0	±	0	0.0	±	0	0.0	±	0	0.0	±	0	0.0	±	0	0.0	±	0	0.0	±	0	0.0	±	0	0.0	±	0	0.0	±	0	0.0	±	0	0.0	±	0	0.0	±	0	0.0	±	0	0.0	±	0	0.0	±	0	0.0	±	0	0.0	±	0	
HLT_AK8PFJet360_TrimMass30_v2	B2G	549133.3195	±	66588.1559397	0.0	±	0	549100.0	±	66588.1558537	0.0	±	0	0.0	±	0	0.0	±	0	0.0	±	0	0.0	±	0	0.0	±	0	0.0	±	0	0.0	±	0	33.3195	±	3.38308265492	0.0	±	0	0.0	±	0	0.0	±	0	0.0	±	0	0.0	±	0	0.0	±	0	0.0	±	0	
HLT_HT750_DisplacedDijet80_Inclusive_v2	EXO	8075.3435	±	8075.00000731	0.0	±	0	8075.0	±	8075.0	0.0	±	0	0.0	±	0	0.0	±	0	0.0	±	0	0.0	±	0	0.0	±	0	0.0	±	0	0.0	±	0	0.3435	±	0.3435	0.0	±	0	0.0	±	0	0.0	±	0	0.0	±	0	0.0	±	0	0.0	±	0	0.0	±	0	
HLT_DiPFJetAve300_HFJEC_v2	JetMET	0.0	±	0	0.0	±	0	0.0	±	0	0.0	±	0	0.0	±	0	0.0	±	0	0.0	±	0	0.0	±	0	0.0	±	0	0.0	±	0	0.0	±	0	0.0	±	0	0.0	±	0	0.0	±	0	0.0	±	0	0.0	±	0	0.0	±	0	0.0	±	0	0.0	±	0	
HLT_Ele15_IsoVVVL_PFHT600_v2	SUSY	8075.687	±	8075.00001461	0.0	±	0	8075.0	±	8075.0	0.0	±	0	0.0	±	0	0.0	±	0	0.0	±	0	0.0	±	0	0.0	±	0	0.0	±	0	0.0	±	0	0.687	±	0.485782358675	0.0	±	0	0.0	±	0	0.0	±	0	0.0	±	0	0.0	±	0	0.0	±	0	0.0	±	0	
HLT_Dimuon0er16_Jpsi_NoVertexing_v1	BPH	0.0	±	0	0.0	±	0	0.0	±	0	0.0	±	0	0.0	±	0	0.0	±	0	0.0	±	0	0.0	±	0	0.0	±	0	0.0	±	0	0.0	±	0	0.0	±	0	0.0	±	0	0.0	±	0	0.0	±	0	0.0	±	0	0.0	±	0	0.0	±	0	0.0	±	0	
HLT_Mu8_v1	NoGroup	0.0	±	0	0.0	±	0	0.0	±	0	0.0	±	0	0.0	±	0	0.0	±	0	0.0	±	0	0.0	±	0	0.0	±	0	0.0	±	0	0.0	±	0	0.0	±	0	0.0	±	0	0.0	±	0	0.0	±	0	0.0	±	0	0.0	±	0	0.0	±	0	0.0	±	0	
HLT_IsoTrackHB_v1	NoGroup	0.0	±	0	0.0	±	0	0.0	±	0	0.0	±	0	0.0	±	0	0.0	±	0	0.0	±	0	0.0	±	0	0.0	±	0	0.0	±	0	0.0	±	0	0.0	±	0	0.0	±	0	0.0	±	0	0.0	±	0	0.0	±	0	0.0	±	0	0.0	±	0	0.0	±	0	
HLT_JetE30_NoBPTX3BX_NoHalo_v2	EXO	0.0	±	0	0.0	±	0	0.0	±	0	0.0	±	0	0.0	±	0	0.0	±	0	0.0	±	0	0.0	±	0	0.0	±	0	0.0	±	0	0.0	±	0	0.0	±	0	0.0	±	0	0.0	±	0	0.0	±	0	0.0	±	0	0.0	±	0	0.0	±	0	0.0	±	0	
HLT_DiPFJetAve80_v1	JetMET	0.0	±	0	0.0	±	0	0.0	±	0	0.0	±	0	0.0	±	0	0.0	±	0	0.0	±	0	0.0	±	0	0.0	±	0	0.0	±	0	0.0	±	0	0.0	±	0	0.0	±	0	0.0	±	0	0.0	±	0	0.0	±	0	0.0	±	0	0.0	±	0	0.0	±	0	
HLT_PFMET100_PFMHT100_IDTight_v1	HIG,HIG	201887.0225	±	40375.0000511	0.0	±	0	201875.0	±	40375.0	0.0	±	0	0.0	±	0	0.0	±	0	0.0	±	0	0.0	±	0	0.0	±	0	0.0	±	0	0.0	±	0	12.0225	±	2.03217340549	0.0	±	0	0.0	±	0	0.0	±	0	0.0	±	0	0.0	±	0	0.0	±	0	0.0	±	0	
HLT_Ele27_WPLoose_Gsf_WHbbBoost_v1	HIG	0.0	±	0	0.0	±	0	0.0	±	0	0.0	±	0	0.0	±	0	0.0	±	0	0.0	±	0	0.0	±	0	0.0	±	0	0.0	±	0	0.0	±	0	0.0	±	0	0.0	±	0	0.0	±	0	0.0	±	0	0.0	±	0	0.0	±	0	0.0	±	0	0.0	±	0	
HLT_Mu40_TkMu11_v2	EXO	16151.7175	±	11419.774542	0.0	±	0	16150.0	±	11419.7745162	0.0	±	0	0.0	±	0	0.0	±	0	0.0	±	0	0.0	±	0	0.0	±	0	0.0	±	0	0.0	±	0	1.7175	±	0.768089350271	0.0	±	0	0.0	±	0	0.0	±	0	0.0	±	0	0.0	±	0	0.0	±	0	0.0	±	0	
HLT_DiPFJet40_DEta3p5_MJJ600_PFMETNoMu140_v2	HIG	8075.687	±	8075.00001461	0.0	±	0	8075.0	±	8075.0	0.0	±	0	0.0	±	0	0.0	±	0	0.0	±	0	0.0	±	0	0.0	±	0	0.0	±	0	0.0	±	0	0.687	±	0.485782358675	0.0	±	0	0.0	±	0	0.0	±	0	0.0	±	0	0.0	±	0	0.0	±	0	0.0	±	0	
HLT_BTagMu_DiJet70_Mu5_v2	BTV	16151.0305	±	11419.7745317	0.0	±	0	16150.0	±	11419.7745162	0.0	±	0	0.0	±	0	0.0	±	0	0.0	±	0	0.0	±	0	0.0	±	0	0.0	±	0	0.0	±	0	1.0305	±	0.5949594524	0.0	±	0	0.0	±	0	0.0	±	0	0.0	±	0	0.0	±	0	0.0	±	0	0.0	±	0	
HLT_Mu20_v1	SMP	0.0	±	0	0.0	±	0	0.0	±	0	0.0	±	0	0.0	±	0	0.0	±	0	0.0	±	0	0.0	±	0	0.0	±	0	0.0	±	0	0.0	±	0	0.0	±	0	0.0	±	0	0.0	±	0	0.0	±	0	0.0	±	0	0.0	±	0	0.0	±	0	0.0	±	0	
HLT_Photon75_v2	SMP,EXO	0.0	±	0	0.0	±	0	0.0	±	0	0.0	±	0	0.0	±	0	0.0	±	0	0.0	±	0	0.0	±	0	0.0	±	0	0.0	±	0	0.0	±	0	0.0	±	0	0.0	±	0	0.0	±	0	0.0	±	0	0.0	±	0	0.0	±	0	0.0	±	0	0.0	±	0	
HLT_Mu24_TrkIsoVVL_v2	SUSY	0.0	±	0	0.0	±	0	0.0	±	0	0.0	±	0	0.0	±	0	0.0	±	0	0.0	±	0	0.0	±	0	0.0	±	0	0.0	±	0	0.0	±	0	0.0	±	0	0.0	±	0	0.0	±	0	0.0	±	0	0.0	±	0	0.0	±	0	0.0	±	0	0.0	±	0	
HLT_PFMET120_NoiseCleaned_BTagCSV0p72_v2	SUSY	145358.931	±	34259.3235933	0.0	±	0	145350.0	±	34259.3235485	0.0	±	0	0.0	±	0	0.0	±	0	0.0	±	0	0.0	±	0	0.0	±	0	0.0	±	0	0.0	±	0	8.931	±	1.75151320292	0.0	±	0	0.0	±	0	0.0	±	0	0.0	±	0	0.0	±	0	0.0	±	0	0.0	±	0	
HLT_Mu33NoFiltersNoVtxDisplaced_Photon33_CaloIdL_v2	EXO	0.0	±	0	0.0	±	0	0.0	±	0	0.0	±	0	0.0	±	0	0.0	±	0	0.0	±	0	0.0	±	0	0.0	±	0	0.0	±	0	0.0	±	0	0.0	±	0	0.0	±	0	0.0	±	0	0.0	±	0	0.0	±	0	0.0	±	0	0.0	±	0	0.0	±	0	
HLT_L2Mu40_NoVertex_3Sta_NoBPTX3BX_NoHalo_v1	EXO	0.0	±	0	0.0	±	0	0.0	±	0	0.0	±	0	0.0	±	0	0.0	±	0	0.0	±	0	0.0	±	0	0.0	±	0	0.0	±	0	0.0	±	0	0.0	±	0	0.0	±	0	0.0	±	0	0.0	±	0	0.0	±	0	0.0	±	0	0.0	±	0	0.0	±	0	
HLT_Mu7p5_L2Mu2_Upsilon_v1	BPH	0.0	±	0	0.0	±	0	0.0	±	0	0.0	±	0	0.0	±	0	0.0	±	0	0.0	±	0	0.0	±	0	0.0	±	0	0.0	±	0	0.0	±	0	0.0	±	0	0.0	±	0	0.0	±	0	0.0	±	0	0.0	±	0	0.0	±	0	0.0	±	0	0.0	±	0	
HLT_Mu7p5_Track7_Upsilon_v2	BPH	0.0	±	0	0.0	±	0	0.0	±	0	0.0	±	0	0.0	±	0	0.0	±	0	0.0	±	0	0.0	±	0	0.0	±	0	0.0	±	0	0.0	±	0	0.0	±	0	0.0	±	0	0.0	±	0	0.0	±	0	0.0	±	0	0.0	±	0	0.0	±	0	0.0	±	0	
HLT_L1SingleMuOpen_v1	NoGroup	0.0	±	0	0.0	±	0	0.0	±	0	0.0	±	0	0.0	±	0	0.0	±	0	0.0	±	0	0.0	±	0	0.0	±	0	0.0	±	0	0.0	±	0	0.0	±	0	0.0	±	0	0.0	±	0	0.0	±	0	0.0	±	0	0.0	±	0	0.0	±	0	0.0	±	0	
HLT_PFHT250_DiPFJetAve90_PFAlphaT0p58_v1	SUSY	0.0	±	0	0.0	±	0	0.0	±	0	0.0	±	0	0.0	±	0	0.0	±	0	0.0	±	0	0.0	±	0	0.0	±	0	0.0	±	0	0.0	±	0	0.0	±	0	0.0	±	0	0.0	±	0	0.0	±	0	0.0	±	0	0.0	±	0	0.0	±	0	0.0	±	0	
HLT_TkMu24_eta2p1_v2	SMP	0.0	±	0	0.0	±	0	0.0	±	0	0.0	±	0	0.0	±	0	0.0	±	0	0.0	±	0	0.0	±	0	0.0	±	0	0.0	±	0	0.0	±	0	0.0	±	0	0.0	±	0	0.0	±	0	0.0	±	0	0.0	±	0	0.0	±	0	0.0	±	0	0.0	±	0	
HLT_QuadPFJet_DoubleBTagCSV_VBF_Mqq200_v2	HIG	32302.4045	±	16150.0000256	0.0	±	0	32300.0	±	16150.0	0.0	±	0	0.0	±	0	0.0	±	0	0.0	±	0	0.0	±	0	0.0	±	0	0.0	±	0	0.0	±	0	2.4045	±	0.908815575351	0.0	±	0	0.0	±	0	0.0	±	0	0.0	±	0	0.0	±	0	0.0	±	0	0.0	±	0	
HLT_Ele25WP60_SC4_Mass55_v2	Egamma	0.0	±	0	0.0	±	0	0.0	±	0	0.0	±	0	0.0	±	0	0.0	±	0	0.0	±	0	0.0	±	0	0.0	±	0	0.0	±	0	0.0	±	0	0.0	±	0	0.0	±	0	0.0	±	0	0.0	±	0	0.0	±	0	0.0	±	0	0.0	±	0	0.0	±	0	
HLT_DiPFJetAve160_HFJEC_v2	JetMET	8075.3435	±	8075.00000731	0.0	±	0	8075.0	±	8075.0	0.0	±	0	0.0	±	0	0.0	±	0	0.0	±	0	0.0	±	0	0.0	±	0	0.0	±	0	0.0	±	0	0.3435	±	0.3435	0.0	±	0	0.0	±	0	0.0	±	0	0.0	±	0	0.0	±	0	0.0	±	0	0.0	±	0	
HLT_Mu34_v1	NoGroup	0.0	±	0	0.0	±	0	0.0	±	0	0.0	±	0	0.0	±	0	0.0	±	0	0.0	±	0	0.0	±	0	0.0	±	0	0.0	±	0	0.0	±	0	0.0	±	0	0.0	±	0	0.0	±	0	0.0	±	0	0.0	±	0	0.0	±	0	0.0	±	0	0.0	±	0	
HLT_Mu17_TrkIsoVVL_Mu8_TrkIsoVVL_v2	Muon,SMP	0.0	±	0	0.0	±	0	0.0	±	0	0.0	±	0	0.0	±	0	0.0	±	0	0.0	±	0	0.0	±	0	0.0	±	0	0.0	±	0	0.0	±	0	0.0	±	0	0.0	±	0	0.0	±	0	0.0	±	0	0.0	±	0	0.0	±	0	0.0	±	0	0.0	±	0	
HLT_Ele23_WPLoose_Gsf_v1	SMP	0.0	±	0	0.0	±	0	0.0	±	0	0.0	±	0	0.0	±	0	0.0	±	0	0.0	±	0	0.0	±	0	0.0	±	0	0.0	±	0	0.0	±	0	0.0	±	0	0.0	±	0	0.0	±	0	0.0	±	0	0.0	±	0	0.0	±	0	0.0	±	0	0.0	±	0	
HLT_Activity_Ecal_SC7_v1	ECAL	0.0	±	0	0.0	±	0	0.0	±	0	0.0	±	0	0.0	±	0	0.0	±	0	0.0	±	0	0.0	±	0	0.0	±	0	0.0	±	0	0.0	±	0	0.0	±	0	0.0	±	0	0.0	±	0	0.0	±	0	0.0	±	0	0.0	±	0	0.0	±	0	0.0	±	0	
HLT_PFJet140_v2	SMP	0.0	±	0	0.0	±	0	0.0	±	0	0.0	±	0	0.0	±	0	0.0	±	0	0.0	±	0	0.0	±	0	0.0	±	0	0.0	±	0	0.0	±	0	0.0	±	0	0.0	±	0	0.0	±	0	0.0	±	0	0.0	±	0	0.0	±	0	0.0	±	0	0.0	±	0	
HLT_Dimuon8_Upsilon_Barrel_v1	BPH	0.0	±	0	0.0	±	0	0.0	±	0	0.0	±	0	0.0	±	0	0.0	±	0	0.0	±	0	0.0	±	0	0.0	±	0	0.0	±	0	0.0	±	0	0.0	±	0	0.0	±	0	0.0	±	0	0.0	±	0	0.0	±	0	0.0	±	0	0.0	±	0	0.0	±	0	
HLT_LooseIsoPFTau50_Trk30_eta2p1_MET80_v2	TAU,HIG	218037.7095	±	41958.9308654	0.0	±	0	218025.0	±	41958.9308134	0.0	±	0	0.0	±	0	0.0	±	0	0.0	±	0	0.0	±	0	0.0	±	0	0.0	±	0	0.0	±	0	12.7095	±	2.08942892916	0.0	±	0	0.0	±	0	0.0	±	0	0.0	±	0	0.0	±	0	0.0	±	0	0.0	±	0	
HLT_Mu27_TkMu8_v2	EXO,B2G	16151.7175	±	11419.774542	0.0	±	0	16150.0	±	11419.7745162	0.0	±	0	0.0	±	0	0.0	±	0	0.0	±	0	0.0	±	0	0.0	±	0	0.0	±	0	0.0	±	0	1.7175	±	0.768089350271	0.0	±	0	0.0	±	0	0.0	±	0	0.0	±	0	0.0	±	0	0.0	±	0	0.0	±	0	
HLT_QuadPFJet_SingleBTagCSV_VBF_Mqq460_v2	HIG	0.0	±	0	0.0	±	0	0.0	±	0	0.0	±	0	0.0	±	0	0.0	±	0	0.0	±	0	0.0	±	0	0.0	±	0	0.0	±	0	0.0	±	0	0.0	±	0	0.0	±	0	0.0	±	0	0.0	±	0	0.0	±	0	0.0	±	0	0.0	±	0	0.0	±	0	
HLT_L1Tech_DT_GlobalOR_v1	NoGroup	0.0	±	0	0.0	±	0	0.0	±	0	0.0	±	0	0.0	±	0	0.0	±	0	0.0	±	0	0.0	±	0	0.0	±	0	0.0	±	0	0.0	±	0	0.0	±	0	0.0	±	0	0.0	±	0	0.0	±	0	0.0	±	0	0.0	±	0	0.0	±	0	0.0	±	0	
HLT_DiPFJetAve220_HFJEC_v2	JetMET	0.0	±	0	0.0	±	0	0.0	±	0	0.0	±	0	0.0	±	0	0.0	±	0	0.0	±	0	0.0	±	0	0.0	±	0	0.0	±	0	0.0	±	0	0.0	±	0	0.0	±	0	0.0	±	0	0.0	±	0	0.0	±	0	0.0	±	0	0.0	±	0	0.0	±	0	
HLT_Mu6_PFHT200_PFMET80_NoiseCleaned_BTagCSV0p72_v1	SUSY	40378.435	±	18056.248951	0.0	±	0	40375.0	±	18056.2489183	0.0	±	0	0.0	±	0	0.0	±	0	0.0	±	0	0.0	±	0	0.0	±	0	0.0	±	0	0.0	±	0	3.435	±	1.08624237627	0.0	±	0	0.0	±	0	0.0	±	0	0.0	±	0	0.0	±	0	0.0	±	0	0.0	±	0	
HLT_DoubleMu4_3_Bs_v1	BPH	0.0	±	0	0.0	±	0	0.0	±	0	0.0	±	0	0.0	±	0	0.0	±	0	0.0	±	0	0.0	±	0	0.0	±	0	0.0	±	0	0.0	±	0	0.0	±	0	0.0	±	0	0.0	±	0	0.0	±	0	0.0	±	0	0.0	±	0	0.0	±	0	0.0	±	0	
HLT_PFHT350_v2	SUSY,EXO	0.0	±	0	0.0	±	0	0.0	±	0	0.0	±	0	0.0	±	0	0.0	±	0	0.0	±	0	0.0	±	0	0.0	±	0	0.0	±	0	0.0	±	0	0.0	±	0	0.0	±	0	0.0	±	0	0.0	±	0	0.0	±	0	0.0	±	0	0.0	±	0	0.0	±	0	
HLT_DiPFJetAve60_HFJEC_v2	NoGroup	0.0	±	0	0.0	±	0	0.0	±	0	0.0	±	0	0.0	±	0	0.0	±	0	0.0	±	0	0.0	±	0	0.0	±	0	0.0	±	0	0.0	±	0	0.0	±	0	0.0	±	0	0.0	±	0	0.0	±	0	0.0	±	0	0.0	±	0	0.0	±	0	0.0	±	0	
HLT_QuadMuon0_Dimuon0_Upsilon_v1	BPH	0.0	±	0	0.0	±	0	0.0	±	0	0.0	±	0	0.0	±	0	0.0	±	0	0.0	±	0	0.0	±	0	0.0	±	0	0.0	±	0	0.0	±	0	0.0	±	0	0.0	±	0	0.0	±	0	0.0	±	0	0.0	±	0	0.0	±	0	0.0	±	0	0.0	±	0	
HLT_L2Mu10_v1	NoGroup	0.0	±	0	0.0	±	0	0.0	±	0	0.0	±	0	0.0	±	0	0.0	±	0	0.0	±	0	0.0	±	0	0.0	±	0	0.0	±	0	0.0	±	0	0.0	±	0	0.0	±	0	0.0	±	0	0.0	±	0	0.0	±	0	0.0	±	0	0.0	±	0	0.0	±	0	
HLT_IsoTrackHE_v1	NoGroup	0.0	±	0	0.0	±	0	0.0	±	0	0.0	±	0	0.0	±	0	0.0	±	0	0.0	±	0	0.0	±	0	0.0	±	0	0.0	±	0	0.0	±	0	0.0	±	0	0.0	±	0	0.0	±	0	0.0	±	0	0.0	±	0	0.0	±	0	0.0	±	0	0.0	±	0	
HLT_Photon135_PFMET100_NoiseCleaned_v2	EXO	8075.687	±	8075.00001461	0.0	±	0	8075.0	±	8075.0	0.0	±	0	0.0	±	0	0.0	±	0	0.0	±	0	0.0	±	0	0.0	±	0	0.0	±	0	0.0	±	0	0.687	±	0.485782358675	0.0	±	0	0.0	±	0	0.0	±	0	0.0	±	0	0.0	±	0	0.0	±	0	0.0	±	0	
HLT_VBF_DisplacedJet40_DisplacedTrack_v2	EXO	0.0	±	0	0.0	±	0	0.0	±	0	0.0	±	0	0.0	±	0	0.0	±	0	0.0	±	0	0.0	±	0	0.0	±	0	0.0	±	0	0.0	±	0	0.0	±	0	0.0	±	0	0.0	±	0	0.0	±	0	0.0	±	0	0.0	±	0	0.0	±	0	0.0	±	0	
HLT_MET90_IsoTrk50_v2	EXO	0.0	±	0	0.0	±	0	0.0	±	0	0.0	±	0	0.0	±	0	0.0	±	0	0.0	±	0	0.0	±	0	0.0	±	0	0.0	±	0	0.0	±	0	0.0	±	0	0.0	±	0	0.0	±	0	0.0	±	0	0.0	±	0	0.0	±	0	0.0	±	0	0.0	±	0	
HLT_Ele18_CaloIdL_TrackIdL_IsoVL_PFJet30_v2	SUSY	0.0	±	0	0.0	±	0	0.0	±	0	0.0	±	0	0.0	±	0	0.0	±	0	0.0	±	0	0.0	±	0	0.0	±	0	0.0	±	0	0.0	±	0	0.0	±	0	0.0	±	0	0.0	±	0	0.0	±	0	0.0	±	0	0.0	±	0	0.0	±	0	0.0	±	0	
HLT_ECALHT800_v1	EXO	557209.0065	±	67075.9877801	0.0	±	0	557175.0	±	67075.9876931	0.0	±	0	0.0	±	0	0.0	±	0	0.0	±	0	0.0	±	0	0.0	±	0	0.0	±	0	0.0	±	0	34.0065	±	3.41778184646	0.0	±	0	0.0	±	0	0.0	±	0	0.0	±	0	0.0	±	0	0.0	±	0	0.0	±	0	
HLT_TkMu27_v2	SMP	0.0	±	0	0.0	±	0	0.0	±	0	0.0	±	0	0.0	±	0	0.0	±	0	0.0	±	0	0.0	±	0	0.0	±	0	0.0	±	0	0.0	±	0	0.0	±	0	0.0	±	0	0.0	±	0	0.0	±	0	0.0	±	0	0.0	±	0	0.0	±	0	0.0	±	0	
HLT_PFMET110_PFMHT110_IDTight_v1	HIG,HIG	185736.3355	±	38726.339601	0.0	±	0	185725.0	±	38726.3395508	0.0	±	0	0.0	±	0	0.0	±	0	0.0	±	0	0.0	±	0	0.0	±	0	0.0	±	0	0.0	±	0	11.3355	±	1.97325726909	0.0	±	0	0.0	±	0	0.0	±	0	0.0	±	0	0.0	±	0	0.0	±	0	0.0	±	0	
HLT_Mu17_Photon35_CaloIdL_L1ISO_v2	HIG	0.3435	±	0.3435	0.0	±	0	0.0	±	0	0.0	±	0	0.0	±	0	0.0	±	0	0.0	±	0	0.0	±	0	0.0	±	0	0.0	±	0	0.0	±	0	0.3435	±	0.3435	0.0	±	0	0.0	±	0	0.0	±	0	0.0	±	0	0.0	±	0	0.0	±	0	0.0	±	0	
HLT_BTagMu_DiJet110_Mu5_v2	BTV	24227.061	±	13986.3102964	0.0	±	0	24225.0	±	13986.3102711	0.0	±	0	0.0	±	0	0.0	±	0	0.0	±	0	0.0	±	0	0.0	±	0	0.0	±	0	0.0	±	0	2.061	±	0.841399726646	0.0	±	0	0.0	±	0	0.0	±	0	0.0	±	0	0.0	±	0	0.0	±	0	0.0	±	0	
HLT_DoubleMu33NoFiltersNoVtx_v1	EXO	0.0	±	0	0.0	±	0	0.0	±	0	0.0	±	0	0.0	±	0	0.0	±	0	0.0	±	0	0.0	±	0	0.0	±	0	0.0	±	0	0.0	±	0	0.0	±	0	0.0	±	0	0.0	±	0	0.0	±	0	0.0	±	0	0.0	±	0	0.0	±	0	0.0	±	0	
HLT_Mu45_eta2p1_v1	EXO,B2G	8076.0305	±	8075.00002192	0.0	±	0	8075.0	±	8075.0	0.0	±	0	0.0	±	0	0.0	±	0	0.0	±	0	0.0	±	0	0.0	±	0	0.0	±	0	0.0	±	0	1.0305	±	0.5949594524	0.0	±	0	0.0	±	0	0.0	±	0	0.0	±	0	0.0	±	0	0.0	±	0	0.0	±	0	
HLT_Mu34_TrkIsoVVL_v2	SUSY	0.0	±	0	0.0	±	0	0.0	±	0	0.0	±	0	0.0	±	0	0.0	±	0	0.0	±	0	0.0	±	0	0.0	±	0	0.0	±	0	0.0	±	0	0.0	±	0	0.0	±	0	0.0	±	0	0.0	±	0	0.0	±	0	0.0	±	0	0.0	±	0	0.0	±	0	
HLT_Ele12_CaloIdL_TrackIdL_IsoVL_PFJet30_v2	SUSY	0.0	±	0	0.0	±	0	0.0	±	0	0.0	±	0	0.0	±	0	0.0	±	0	0.0	±	0	0.0	±	0	0.0	±	0	0.0	±	0	0.0	±	0	0.0	±	0	0.0	±	0	0.0	±	0	0.0	±	0	0.0	±	0	0.0	±	0	0.0	±	0	0.0	±	0	
HLT_Ele22_eta2p1_WPLoose_Gsf_v1	Egamma	0.0	±	0	0.0	±	0	0.0	±	0	0.0	±	0	0.0	±	0	0.0	±	0	0.0	±	0	0.0	±	0	0.0	±	0	0.0	±	0	0.0	±	0	0.0	±	0	0.0	±	0	0.0	±	0	0.0	±	0	0.0	±	0	0.0	±	0	0.0	±	0	0.0	±	0	
HLT_Mu14er_PFMET100_NoiseCleaned_v1	JME	8076.0305	±	8075.00002192	0.0	±	0	8075.0	±	8075.0	0.0	±	0	0.0	±	0	0.0	±	0	0.0	±	0	0.0	±	0	0.0	±	0	0.0	±	0	0.0	±	0	1.0305	±	0.5949594524	0.0	±	0	0.0	±	0	0.0	±	0	0.0	±	0	0.0	±	0	0.0	±	0	0.0	±	0	
HLT_VBF_DisplacedJet40_Hadronic_v2	EXO	0.0	±	0	0.0	±	0	0.0	±	0	0.0	±	0	0.0	±	0	0.0	±	0	0.0	±	0	0.0	±	0	0.0	±	0	0.0	±	0	0.0	±	0	0.0	±	0	0.0	±	0	0.0	±	0	0.0	±	0	0.0	±	0	0.0	±	0	0.0	±	0	0.0	±	0	
HLT_L2Mu35_NoVertex_3Sta_NoBPTX3BX_NoHalo_v1	EXO	0.0	±	0	0.0	±	0	0.0	±	0	0.0	±	0	0.0	±	0	0.0	±	0	0.0	±	0	0.0	±	0	0.0	±	0	0.0	±	0	0.0	±	0	0.0	±	0	0.0	±	0	0.0	±	0	0.0	±	0	0.0	±	0	0.0	±	0	0.0	±	0	0.0	±	0	
HLT_PFHT650_v2	SUSY,EXO	8075.3435	±	8075.00000731	0.0	±	0	8075.0	±	8075.0	0.0	±	0	0.0	±	0	0.0	±	0	0.0	±	0	0.0	±	0	0.0	±	0	0.0	±	0	0.0	±	0	0.3435	±	0.3435	0.0	±	0	0.0	±	0	0.0	±	0	0.0	±	0	0.0	±	0	0.0	±	0	0.0	±	0	
HLT_Mu8_TrkIsoVVL_Ele23_CaloIdL_TrackIdL_IsoVL_v2	HIG,TOP	0.0	±	0	0.0	±	0	0.0	±	0	0.0	±	0	0.0	±	0	0.0	±	0	0.0	±	0	0.0	±	0	0.0	±	0	0.0	±	0	0.0	±	0	0.0	±	0	0.0	±	0	0.0	±	0	0.0	±	0	0.0	±	0	0.0	±	0	0.0	±	0	0.0	±	0	
HLT_Photon36_R9Id90_HE10_Iso40_EBOnly_VBF_v2	HIG	0.0	±	0	0.0	±	0	0.0	±	0	0.0	±	0	0.0	±	0	0.0	±	0	0.0	±	0	0.0	±	0	0.0	±	0	0.0	±	0	0.0	±	0	0.0	±	0	0.0	±	0	0.0	±	0	0.0	±	0	0.0	±	0	0.0	±	0	0.0	±	0	0.0	±	0	
HLT_Mu17_Mu8_DZ_v1	TOP,HIG,SMP	0.0	±	0	0.0	±	0	0.0	±	0	0.0	±	0	0.0	±	0	0.0	±	0	0.0	±	0	0.0	±	0	0.0	±	0	0.0	±	0	0.0	±	0	0.0	±	0	0.0	±	0	0.0	±	0	0.0	±	0	0.0	±	0	0.0	±	0	0.0	±	0	0.0	±	0	
HLT_PFHT300_DiPFJetAve90_PFAlphaT0p53_v1	SUSY	0.0	±	0	0.0	±	0	0.0	±	0	0.0	±	0	0.0	±	0	0.0	±	0	0.0	±	0	0.0	±	0	0.0	±	0	0.0	±	0	0.0	±	0	0.0	±	0	0.0	±	0	0.0	±	0	0.0	±	0	0.0	±	0	0.0	±	0	0.0	±	0	0.0	±	0	
HLT_Photon90_v2	SMP,EXO	0.0	±	0	0.0	±	0	0.0	±	0	0.0	±	0	0.0	±	0	0.0	±	0	0.0	±	0	0.0	±	0	0.0	±	0	0.0	±	0	0.0	±	0	0.0	±	0	0.0	±	0	0.0	±	0	0.0	±	0	0.0	±	0	0.0	±	0	0.0	±	0	0.0	±	0	
HLT_PFMET120_PFMHT120_IDTight_v1	HIG	161510.305	±	36112.4978856	0.0	±	0	161500.0	±	36112.4978366	0.0	±	0	0.0	±	0	0.0	±	0	0.0	±	0	0.0	±	0	0.0	±	0	0.0	±	0	0.0	±	0	10.305	±	1.88142698503	0.0	±	0	0.0	±	0	0.0	±	0	0.0	±	0	0.0	±	0	0.0	±	0	0.0	±	0	
HLT_Photon36_R9Id90_HE10_Iso40_EBOnly_PFMET40_v2	HIG	0.0	±	0	0.0	±	0	0.0	±	0	0.0	±	0	0.0	±	0	0.0	±	0	0.0	±	0	0.0	±	0	0.0	±	0	0.0	±	0	0.0	±	0	0.0	±	0	0.0	±	0	0.0	±	0	0.0	±	0	0.0	±	0	0.0	±	0	0.0	±	0	0.0	±	0	
HLT_DiMu9_Ele9_CaloIdL_TrackIdL_v2	HIG	0.0	±	0	0.0	±	0	0.0	±	0	0.0	±	0	0.0	±	0	0.0	±	0	0.0	±	0	0.0	±	0	0.0	±	0	0.0	±	0	0.0	±	0	0.0	±	0	0.0	±	0	0.0	±	0	0.0	±	0	0.0	±	0	0.0	±	0	0.0	±	0	0.0	±	0	
HLT_HcalPhiSym_v1	NoGroup	0.0	±	0	0.0	±	0	0.0	±	0	0.0	±	0	0.0	±	0	0.0	±	0	0.0	±	0	0.0	±	0	0.0	±	0	0.0	±	0	0.0	±	0	0.0	±	0	0.0	±	0	0.0	±	0	0.0	±	0	0.0	±	0	0.0	±	0	0.0	±	0	0.0	±	0	
HLT_PFMET170_NoiseCleaned_v2	SUSY,EXO,B2G	88830.8395	±	26781.7452196	0.0	±	0	88825.0	±	26781.7451821	0.0	±	0	0.0	±	0	0.0	±	0	0.0	±	0	0.0	±	0	0.0	±	0	0.0	±	0	0.0	±	0	5.8395	±	1.4162867824	0.0	±	0	0.0	±	0	0.0	±	0	0.0	±	0	0.0	±	0	0.0	±	0	0.0	±	0	
HLT_Ele33_CaloIdL_TrackIdL_IsoVL_PFJet30_v2	SUSY	0.0	±	0	0.0	±	0	0.0	±	0	0.0	±	0	0.0	±	0	0.0	±	0	0.0	±	0	0.0	±	0	0.0	±	0	0.0	±	0	0.0	±	0	0.0	±	0	0.0	±	0	0.0	±	0	0.0	±	0	0.0	±	0	0.0	±	0	0.0	±	0	0.0	±	0	
HLT_MET75_IsoTrk50_v2	EXO	0.0	±	0	0.0	±	0	0.0	±	0	0.0	±	0	0.0	±	0	0.0	±	0	0.0	±	0	0.0	±	0	0.0	±	0	0.0	±	0	0.0	±	0	0.0	±	0	0.0	±	0	0.0	±	0	0.0	±	0	0.0	±	0	0.0	±	0	0.0	±	0	0.0	±	0	
HLT_Ele12_CaloIdM_TrackIdM_PFJet30_v2	SUSY	0.0	±	0	0.0	±	0	0.0	±	0	0.0	±	0	0.0	±	0	0.0	±	0	0.0	±	0	0.0	±	0	0.0	±	0	0.0	±	0	0.0	±	0	0.0	±	0	0.0	±	0	0.0	±	0	0.0	±	0	0.0	±	0	0.0	±	0	0.0	±	0	0.0	±	0	
HLT_IsoMu20_eta2p1_TriCentralPFJet30_v2	TOP	0.0	±	0	0.0	±	0	0.0	±	0	0.0	±	0	0.0	±	0	0.0	±	0	0.0	±	0	0.0	±	0	0.0	±	0	0.0	±	0	0.0	±	0	0.0	±	0	0.0	±	0	0.0	±	0	0.0	±	0	0.0	±	0	0.0	±	0	0.0	±	0	0.0	±	0	
HLT_PFMET300_NoiseCleaned_v1	SUSY,EXO,B2G	24227.061	±	13986.3102964	0.0	±	0	24225.0	±	13986.3102711	0.0	±	0	0.0	±	0	0.0	±	0	0.0	±	0	0.0	±	0	0.0	±	0	0.0	±	0	0.0	±	0	2.061	±	0.841399726646	0.0	±	0	0.0	±	0	0.0	±	0	0.0	±	0	0.0	±	0	0.0	±	0	0.0	±	0	
HLT_Mu38NoFiltersNoVtx_Photon38_CaloIdL_v2	EXO	0.0	±	0	0.0	±	0	0.0	±	0	0.0	±	0	0.0	±	0	0.0	±	0	0.0	±	0	0.0	±	0	0.0	±	0	0.0	±	0	0.0	±	0	0.0	±	0	0.0	±	0	0.0	±	0	0.0	±	0	0.0	±	0	0.0	±	0	0.0	±	0	0.0	±	0	
HLT_Ele17_CaloIdL_TrackIdL_IsoVL_v1	HIG	0.0	±	0	0.0	±	0	0.0	±	0	0.0	±	0	0.0	±	0	0.0	±	0	0.0	±	0	0.0	±	0	0.0	±	0	0.0	±	0	0.0	±	0	0.0	±	0	0.0	±	0	0.0	±	0	0.0	±	0	0.0	±	0	0.0	±	0	0.0	±	0	0.0	±	0	
HLT_PFHT650_WideJetMJJ950DEtaJJ1p5_v2	EXO	524904.541	±	65102.7313954	0.0	±	0	524875.0	±	65102.7313175	0.0	±	0	0.0	±	0	0.0	±	0	0.0	±	0	0.0	±	0	0.0	±	0	0.0	±	0	0.0	±	0	29.541	±	3.1854879532	0.0	±	0	0.0	±	0	0.0	±	0	0.0	±	0	0.0	±	0	0.0	±	0	0.0	±	0	
HLT_DiPFJetAve500_v1	JetMET	565284.35	±	67560.29723	0.0	±	0	565250.0	±	67560.2971426	0.0	±	0	0.0	±	0	0.0	±	0	0.0	±	0	0.0	±	0	0.0	±	0	0.0	±	0	0.0	±	0	34.35	±	3.435	0.0	±	0	0.0	±	0	0.0	±	0	0.0	±	0	0.0	±	0	0.0	±	0	0.0	±	0	
HLT_Mu17_TrkIsoVVL_v2	SUSY,HIG	0.0	±	0	0.0	±	0	0.0	±	0	0.0	±	0	0.0	±	0	0.0	±	0	0.0	±	0	0.0	±	0	0.0	±	0	0.0	±	0	0.0	±	0	0.0	±	0	0.0	±	0	0.0	±	0	0.0	±	0	0.0	±	0	0.0	±	0	0.0	±	0	0.0	±	0	
HLT_MonoCentralPFJet80_PFMETNoMu90_NoiseCleaned_PFMHTNoMu90_IDTight_v2	EXO	226113.3965	±	42728.8837275	0.0	±	0	226100.0	±	42728.8836737	0.0	±	0	0.0	±	0	0.0	±	0	0.0	±	0	0.0	±	0	0.0	±	0	0.0	±	0	0.0	±	0	13.3965	±	2.14515681245	0.0	±	0	0.0	±	0	0.0	±	0	0.0	±	0	0.0	±	0	0.0	±	0	0.0	±	0	
HLT_Photon42_R9Id85_OR_CaloId24b40e_Iso50T80L_Photon25_AND_HE10_R9Id65_Eta2_Mass15_v1	EXO	0.3435	±	0.3435	0.0	±	0	0.0	±	0	0.0	±	0	0.0	±	0	0.0	±	0	0.0	±	0	0.0	±	0	0.0	±	0	0.0	±	0	0.0	±	0	0.3435	±	0.3435	0.0	±	0	0.0	±	0	0.0	±	0	0.0	±	0	0.0	±	0	0.0	±	0	0.0	±	0	
HLT_Ele25WP60_Ele8_Mass55_v2	HIG	0.0	±	0	0.0	±	0	0.0	±	0	0.0	±	0	0.0	±	0	0.0	±	0	0.0	±	0	0.0	±	0	0.0	±	0	0.0	±	0	0.0	±	0	0.0	±	0	0.0	±	0	0.0	±	0	0.0	±	0	0.0	±	0	0.0	±	0	0.0	±	0	0.0	±	0	
HLT_Dimuon0_Phi_Barrel_v1	BPH	0.0	±	0	0.0	±	0	0.0	±	0	0.0	±	0	0.0	±	0	0.0	±	0	0.0	±	0	0.0	±	0	0.0	±	0	0.0	±	0	0.0	±	0	0.0	±	0	0.0	±	0	0.0	±	0	0.0	±	0	0.0	±	0	0.0	±	0	0.0	±	0	0.0	±	0	
HLT_PFMET400_NoiseCleaned_v1	SUSY,EXO,B2G	8076.0305	±	8075.00002192	0.0	±	0	8075.0	±	8075.0	0.0	±	0	0.0	±	0	0.0	±	0	0.0	±	0	0.0	±	0	0.0	±	0	0.0	±	0	0.0	±	0	1.0305	±	0.5949594524	0.0	±	0	0.0	±	0	0.0	±	0	0.0	±	0	0.0	±	0	0.0	±	0	0.0	±	0	
HLT_Mu12_Photon25_CaloIdL_L1OR_v2	HIG	0.0	±	0	0.0	±	0	0.0	±	0	0.0	±	0	0.0	±	0	0.0	±	0	0.0	±	0	0.0	±	0	0.0	±	0	0.0	±	0	0.0	±	0	0.0	±	0	0.0	±	0	0.0	±	0	0.0	±	0	0.0	±	0	0.0	±	0	0.0	±	0	0.0	±	0	
HLT_PFHT475_v1	SUSY	8075.3435	±	8075.00000731	0.0	±	0	8075.0	±	8075.0	0.0	±	0	0.0	±	0	0.0	±	0	0.0	±	0	0.0	±	0	0.0	±	0	0.0	±	0	0.0	±	0	0.3435	±	0.3435	0.0	±	0	0.0	±	0	0.0	±	0	0.0	±	0	0.0	±	0	0.0	±	0	0.0	±	0	
HLT_Dimuon20_Jpsi_v1	BPH	0.0	±	0	0.0	±	0	0.0	±	0	0.0	±	0	0.0	±	0	0.0	±	0	0.0	±	0	0.0	±	0	0.0	±	0	0.0	±	0	0.0	±	0	0.0	±	0	0.0	±	0	0.0	±	0	0.0	±	0	0.0	±	0	0.0	±	0	0.0	±	0	0.0	±	0	
HLT_Photon165_HE10_v2	SMP,SUSY	0.3435	±	0.3435	0.0	±	0	0.0	±	0	0.0	±	0	0.0	±	0	0.0	±	0	0.0	±	0	0.0	±	0	0.0	±	0	0.0	±	0	0.0	±	0	0.3435	±	0.3435	0.0	±	0	0.0	±	0	0.0	±	0	0.0	±	0	0.0	±	0	0.0	±	0	0.0	±	0	
HLT_PFHT400_DiPFJetAve90_PFAlphaT0p52_v1	SUSY	0.0	±	0	0.0	±	0	0.0	±	0	0.0	±	0	0.0	±	0	0.0	±	0	0.0	±	0	0.0	±	0	0.0	±	0	0.0	±	0	0.0	±	0	0.0	±	0	0.0	±	0	0.0	±	0	0.0	±	0	0.0	±	0	0.0	±	0	0.0	±	0	0.0	±	0	
HLT_Dimuon0_Jpsi_Muon_v1	BPH	0.0	±	0	0.0	±	0	0.0	±	0	0.0	±	0	0.0	±	0	0.0	±	0	0.0	±	0	0.0	±	0	0.0	±	0	0.0	±	0	0.0	±	0	0.0	±	0	0.0	±	0	0.0	±	0	0.0	±	0	0.0	±	0	0.0	±	0	0.0	±	0	0.0	±	0	
HLT_Dimuon13_Upsilon_v1	BPH	0.0	±	0	0.0	±	0	0.0	±	0	0.0	±	0	0.0	±	0	0.0	±	0	0.0	±	0	0.0	±	0	0.0	±	0	0.0	±	0	0.0	±	0	0.0	±	0	0.0	±	0	0.0	±	0	0.0	±	0	0.0	±	0	0.0	±	0	0.0	±	0	0.0	±	0	
HLT_Diphoton30_18_R9Id_OR_IsoCaloId_AND_HE_R9Id_DoublePixelSeedMatch_Mass70_v1	HIG	0.3435	±	0.3435	0.0	±	0	0.0	±	0	0.0	±	0	0.0	±	0	0.0	±	0	0.0	±	0	0.0	±	0	0.0	±	0	0.0	±	0	0.0	±	0	0.3435	±	0.3435	0.0	±	0	0.0	±	0	0.0	±	0	0.0	±	0	0.0	±	0	0.0	±	0	0.0	±	0	
HLT_L1SingleMuOpen_DT_v1	NoGroup	0.0	±	0	0.0	±	0	0.0	±	0	0.0	±	0	0.0	±	0	0.0	±	0	0.0	±	0	0.0	±	0	0.0	±	0	0.0	±	0	0.0	±	0	0.0	±	0	0.0	±	0	0.0	±	0	0.0	±	0	0.0	±	0	0.0	±	0	0.0	±	0	0.0	±	0	
HLT_PFJet40_v2	SMP	0.0	±	0	0.0	±	0	0.0	±	0	0.0	±	0	0.0	±	0	0.0	±	0	0.0	±	0	0.0	±	0	0.0	±	0	0.0	±	0	0.0	±	0	0.0	±	0	0.0	±	0	0.0	±	0	0.0	±	0	0.0	±	0	0.0	±	0	0.0	±	0	0.0	±	0	
HLT_PFHT350_PFMET100_NoiseCleaned_v1	SUSY	242264.427	±	44228.5965746	0.0	±	0	242250.0	±	44228.5965185	0.0	±	0	0.0	±	0	0.0	±	0	0.0	±	0	0.0	±	0	0.0	±	0	0.0	±	0	0.0	±	0	14.427	±	2.2261344299	0.0	±	0	0.0	±	0	0.0	±	0	0.0	±	0	0.0	±	0	0.0	±	0	0.0	±	0	
HLT_DoubleEle33_CaloIdL_GsfTrkIdVL_v2	EXO	0.3435	±	0.3435	0.0	±	0	0.0	±	0	0.0	±	0	0.0	±	0	0.0	±	0	0.0	±	0	0.0	±	0	0.0	±	0	0.0	±	0	0.0	±	0	0.3435	±	0.3435	0.0	±	0	0.0	±	0	0.0	±	0	0.0	±	0	0.0	±	0	0.0	±	0	0.0	±	0	
HLT_DiPFJetAve40_v1	JetMET	0.0	±	0	0.0	±	0	0.0	±	0	0.0	±	0	0.0	±	0	0.0	±	0	0.0	±	0	0.0	±	0	0.0	±	0	0.0	±	0	0.0	±	0	0.0	±	0	0.0	±	0	0.0	±	0	0.0	±	0	0.0	±	0	0.0	±	0	0.0	±	0	0.0	±	0	
HLT_Ele32_eta2p1_WPLoose_Gsf_v1	HIG,Egamma,SMP	0.0	±	0	0.0	±	0	0.0	±	0	0.0	±	0	0.0	±	0	0.0	±	0	0.0	±	0	0.0	±	0	0.0	±	0	0.0	±	0	0.0	±	0	0.0	±	0	0.0	±	0	0.0	±	0	0.0	±	0	0.0	±	0	0.0	±	0	0.0	±	0	0.0	±	0	
HLT_PFHT200_DiPFJetAve90_PFAlphaT0p57_v1	SUSY	0.0	±	0	0.0	±	0	0.0	±	0	0.0	±	0	0.0	±	0	0.0	±	0	0.0	±	0	0.0	±	0	0.0	±	0	0.0	±	0	0.0	±	0	0.0	±	0	0.0	±	0	0.0	±	0	0.0	±	0	0.0	±	0	0.0	±	0	0.0	±	0	0.0	±	0	
HLT_IsoMu20_eta2p1_CentralPFJet30_BTagCSV07_v2	TOP	0.0	±	0	0.0	±	0	0.0	±	0	0.0	±	0	0.0	±	0	0.0	±	0	0.0	±	0	0.0	±	0	0.0	±	0	0.0	±	0	0.0	±	0	0.0	±	0	0.0	±	0	0.0	±	0	0.0	±	0	0.0	±	0	0.0	±	0	0.0	±	0	0.0	±	0	
HLT_DoubleIsoMu17_eta2p1_v2	HIG,TAU	0.0	±	0	0.0	±	0	0.0	±	0	0.0	±	0	0.0	±	0	0.0	±	0	0.0	±	0	0.0	±	0	0.0	±	0	0.0	±	0	0.0	±	0	0.0	±	0	0.0	±	0	0.0	±	0	0.0	±	0	0.0	±	0	0.0	±	0	0.0	±	0	0.0	±	0	
HLT_L2DoubleMu23_NoVertex_v1	EXO	0.0	±	0	0.0	±	0	0.0	±	0	0.0	±	0	0.0	±	0	0.0	±	0	0.0	±	0	0.0	±	0	0.0	±	0	0.0	±	0	0.0	±	0	0.0	±	0	0.0	±	0	0.0	±	0	0.0	±	0	0.0	±	0	0.0	±	0	0.0	±	0	0.0	±	0	
HLT_IsoMu24_eta2p1_TriCentralPFJet50_40_30_v2	TOP	0.0	±	0	0.0	±	0	0.0	±	0	0.0	±	0	0.0	±	0	0.0	±	0	0.0	±	0	0.0	±	0	0.0	±	0	0.0	±	0	0.0	±	0	0.0	±	0	0.0	±	0	0.0	±	0	0.0	±	0	0.0	±	0	0.0	±	0	0.0	±	0	0.0	±	0	
HLT_HT550_DisplacedDijet40_Inclusive_v2	EXO	8075.3435	±	8075.00000731	0.0	±	0	8075.0	±	8075.0	0.0	±	0	0.0	±	0	0.0	±	0	0.0	±	0	0.0	±	0	0.0	±	0	0.0	±	0	0.0	±	0	0.3435	±	0.3435	0.0	±	0	0.0	±	0	0.0	±	0	0.0	±	0	0.0	±	0	0.0	±	0	0.0	±	0	
HLT_Photon36_v2	SMP,EXO	0.0	±	0	0.0	±	0	0.0	±	0	0.0	±	0	0.0	±	0	0.0	±	0	0.0	±	0	0.0	±	0	0.0	±	0	0.0	±	0	0.0	±	0	0.0	±	0	0.0	±	0	0.0	±	0	0.0	±	0	0.0	±	0	0.0	±	0	0.0	±	0	0.0	±	0	
HLT_PFHT400_DiPFJetAve90_PFAlphaT0p51_v1	SUSY	0.0	±	0	0.0	±	0	0.0	±	0	0.0	±	0	0.0	±	0	0.0	±	0	0.0	±	0	0.0	±	0	0.0	±	0	0.0	±	0	0.0	±	0	0.0	±	0	0.0	±	0	0.0	±	0	0.0	±	0	0.0	±	0	0.0	±	0	0.0	±	0	0.0	±	0	
HLT_Mu8_DiEle12_CaloIdL_TrackIdL_v2	HIG	0.0	±	0	0.0	±	0	0.0	±	0	0.0	±	0	0.0	±	0	0.0	±	0	0.0	±	0	0.0	±	0	0.0	±	0	0.0	±	0	0.0	±	0	0.0	±	0	0.0	±	0	0.0	±	0	0.0	±	0	0.0	±	0	0.0	±	0	0.0	±	0	0.0	±	0	
HLT_Photon30_R9Id90_HE10_IsoM_v2	SMP,SUSY	0.0	±	0	0.0	±	0	0.0	±	0	0.0	±	0	0.0	±	0	0.0	±	0	0.0	±	0	0.0	±	0	0.0	±	0	0.0	±	0	0.0	±	0	0.0	±	0	0.0	±	0	0.0	±	0	0.0	±	0	0.0	±	0	0.0	±	0	0.0	±	0	0.0	±	0	
HLT_GlobalRunHPDNoise_v1	NoGroup	0.0	±	0	0.0	±	0	0.0	±	0	0.0	±	0	0.0	±	0	0.0	±	0	0.0	±	0	0.0	±	0	0.0	±	0	0.0	±	0	0.0	±	0	0.0	±	0	0.0	±	0	0.0	±	0	0.0	±	0	0.0	±	0	0.0	±	0	0.0	±	0	0.0	±	0	
HLT_PFJet200_v2	SMP	0.0	±	0	0.0	±	0	0.0	±	0	0.0	±	0	0.0	±	0	0.0	±	0	0.0	±	0	0.0	±	0	0.0	±	0	0.0	±	0	0.0	±	0	0.0	±	0	0.0	±	0	0.0	±	0	0.0	±	0	0.0	±	0	0.0	±	0	0.0	±	0	0.0	±	0	
HLT_MET300_v1	NoGroup	40377.748	±	18056.2489444	0.0	±	0	40375.0	±	18056.2489183	0.0	±	0	0.0	±	0	0.0	±	0	0.0	±	0	0.0	±	0	0.0	±	0	0.0	±	0	0.0	±	0	2.748	±	0.97156471735	0.0	±	0	0.0	±	0	0.0	±	0	0.0	±	0	0.0	±	0	0.0	±	0	0.0	±	0	
HLT_Mu8_TrkIsoVVL_v2	SUSY,HIG	0.0	±	0	0.0	±	0	0.0	±	0	0.0	±	0	0.0	±	0	0.0	±	0	0.0	±	0	0.0	±	0	0.0	±	0	0.0	±	0	0.0	±	0	0.0	±	0	0.0	±	0	0.0	±	0	0.0	±	0	0.0	±	0	0.0	±	0	0.0	±	0	0.0	±	0	
HLT_Photon36_R9Id85_OR_CaloId24b40e_Iso50T80L_Photon22_AND_HE10_R9Id65_Eta2_Mass15_v2	EXO	0.3435	±	0.3435	0.0	±	0	0.0	±	0	0.0	±	0	0.0	±	0	0.0	±	0	0.0	±	0	0.0	±	0	0.0	±	0	0.0	±	0	0.0	±	0	0.3435	±	0.3435	0.0	±	0	0.0	±	0	0.0	±	0	0.0	±	0	0.0	±	0	0.0	±	0	0.0	±	0	
HLT_Mu6_PFHT200_PFMET100_NoiseCleaned_v1	JME	48453.0915	±	19779.6296998	0.0	±	0	48450.0	±	19779.629673	0.0	±	0	0.0	±	0	0.0	±	0	0.0	±	0	0.0	±	0	0.0	±	0	0.0	±	0	0.0	±	0	3.0915	±	1.0305	0.0	±	0	0.0	±	0	0.0	±	0	0.0	±	0	0.0	±	0	0.0	±	0	0.0	±	0	
HLT_Ele15_IsoVVVL_PFHT350_PFMET70_v1	SUSY	8075.687	±	8075.00001461	0.0	±	0	8075.0	±	8075.0	0.0	±	0	0.0	±	0	0.0	±	0	0.0	±	0	0.0	±	0	0.0	±	0	0.0	±	0	0.0	±	0	0.687	±	0.485782358675	0.0	±	0	0.0	±	0	0.0	±	0	0.0	±	0	0.0	±	0	0.0	±	0	0.0	±	0	
HLT_Mu8_Ele8_CaloIdM_TrackIdM_Mass8_PFHT300_v2	SUSY	0.0	±	0	0.0	±	0	0.0	±	0	0.0	±	0	0.0	±	0	0.0	±	0	0.0	±	0	0.0	±	0	0.0	±	0	0.0	±	0	0.0	±	0	0.0	±	0	0.0	±	0	0.0	±	0	0.0	±	0	0.0	±	0	0.0	±	0	0.0	±	0	0.0	±	0	
HLT_Ele27_eta2p1_WPLoose_Gsf_CentralPFJet30_BTagCSV07_v1	TOP	0.0	±	0	0.0	±	0	0.0	±	0	0.0	±	0	0.0	±	0	0.0	±	0	0.0	±	0	0.0	±	0	0.0	±	0	0.0	±	0	0.0	±	0	0.0	±	0	0.0	±	0	0.0	±	0	0.0	±	0	0.0	±	0	0.0	±	0	0.0	±	0	0.0	±	0	
HLT_IsoMu24_eta2p1_v2	TOP,SMP,HIG,TAU,B2G	0.0	±	0	0.0	±	0	0.0	±	0	0.0	±	0	0.0	±	0	0.0	±	0	0.0	±	0	0.0	±	0	0.0	±	0	0.0	±	0	0.0	±	0	0.0	±	0	0.0	±	0	0.0	±	0	0.0	±	0	0.0	±	0	0.0	±	0	0.0	±	0	0.0	±	0	
HLT_EcalCalibration_v1	NoGroup	565284.35	±	67560.29723	0.0	±	0	565250.0	±	67560.2971426	0.0	±	0	0.0	±	0	0.0	±	0	0.0	±	0	0.0	±	0	0.0	±	0	0.0	±	0	0.0	±	0	34.35	±	3.435	0.0	±	0	0.0	±	0	0.0	±	0	0.0	±	0	0.0	±	0	0.0	±	0	0.0	±	0	
HLT_PFHT750_4JetPt50_v1	SUSY	242266.488	±	44228.5965826	0.0	±	0	242250.0	±	44228.5965185	0.0	±	0	0.0	±	0	0.0	±	0	0.0	±	0	0.0	±	0	0.0	±	0	0.0	±	0	0.0	±	0	16.488	±	2.3798378096	0.0	±	0	0.0	±	0	0.0	±	0	0.0	±	0	0.0	±	0	0.0	±	0	0.0	±	0	
HLT_Ele16_Ele12_Ele8_CaloIdL_TrackIdL_v2	HIG	0.0	±	0	0.0	±	0	0.0	±	0	0.0	±	0	0.0	±	0	0.0	±	0	0.0	±	0	0.0	±	0	0.0	±	0	0.0	±	0	0.0	±	0	0.0	±	0	0.0	±	0	0.0	±	0	0.0	±	0	0.0	±	0	0.0	±	0	0.0	±	0	0.0	±	0	
HLT_HT2000_v1	NoGroup	565284.35	±	67560.29723	0.0	±	0	565250.0	±	67560.2971426	0.0	±	0	0.0	±	0	0.0	±	0	0.0	±	0	0.0	±	0	0.0	±	0	0.0	±	0	0.0	±	0	34.35	±	3.435	0.0	±	0	0.0	±	0	0.0	±	0	0.0	±	0	0.0	±	0	0.0	±	0	0.0	±	0	
HLT_PFHT450_SixJet40_PFBTagCSV0p72_v2	HIG	56528.435	±	21364.4418645	0.0	±	0	56525.0	±	21364.4418368	0.0	±	0	0.0	±	0	0.0	±	0	0.0	±	0	0.0	±	0	0.0	±	0	0.0	±	0	0.0	±	0	3.435	±	1.08624237627	0.0	±	0	0.0	±	0	0.0	±	0	0.0	±	0	0.0	±	0	0.0	±	0	0.0	±	0	
HLT_Ele22_eta2p1_WPLoose_Gsf_LooseIsoPFTau20_v1	TAU,HIG	0.0	±	0	0.0	±	0	0.0	±	0	0.0	±	0	0.0	±	0	0.0	±	0	0.0	±	0	0.0	±	0	0.0	±	0	0.0	±	0	0.0	±	0	0.0	±	0	0.0	±	0	0.0	±	0	0.0	±	0	0.0	±	0	0.0	±	0	0.0	±	0	0.0	±	0	
HLT_Ele32_eta2p1_WPTight_Gsf_v1	HIG,Egamma	0.0	±	0	0.0	±	0	0.0	±	0	0.0	±	0	0.0	±	0	0.0	±	0	0.0	±	0	0.0	±	0	0.0	±	0	0.0	±	0	0.0	±	0	0.0	±	0	0.0	±	0	0.0	±	0	0.0	±	0	0.0	±	0	0.0	±	0	0.0	±	0	0.0	±	0	
HLT_HcalNZS_v1	NoGroup	0.0	±	0	0.0	±	0	0.0	±	0	0.0	±	0	0.0	±	0	0.0	±	0	0.0	±	0	0.0	±	0	0.0	±	0	0.0	±	0	0.0	±	0	0.0	±	0	0.0	±	0	0.0	±	0	0.0	±	0	0.0	±	0	0.0	±	0	0.0	±	0	0.0	±	0	
HLT_IsoMu27_v2	SMP,HIG	0.0	±	0	0.0	±	0	0.0	±	0	0.0	±	0	0.0	±	0	0.0	±	0	0.0	±	0	0.0	±	0	0.0	±	0	0.0	±	0	0.0	±	0	0.0	±	0	0.0	±	0	0.0	±	0	0.0	±	0	0.0	±	0	0.0	±	0	0.0	±	0	0.0	±	0	
HLT_Ele32_eta2p1_WPLoose_Gsf_TriCentralPFJet30_v1	TOP	0.0	±	0	0.0	±	0	0.0	±	0	0.0	±	0	0.0	±	0	0.0	±	0	0.0	±	0	0.0	±	0	0.0	±	0	0.0	±	0	0.0	±	0	0.0	±	0	0.0	±	0	0.0	±	0	0.0	±	0	0.0	±	0	0.0	±	0	0.0	±	0	0.0	±	0	
HLT_DoubleMu4_PsiPrimeTrk_Displaced_v2	BPH	0.0	±	0	0.0	±	0	0.0	±	0	0.0	±	0	0.0	±	0	0.0	±	0	0.0	±	0	0.0	±	0	0.0	±	0	0.0	±	0	0.0	±	0	0.0	±	0	0.0	±	0	0.0	±	0	0.0	±	0	0.0	±	0	0.0	±	0	0.0	±	0	0.0	±	0	
HLT_Diphoton30_18_R9Id_OR_IsoCaloId_AND_HE_R9Id_Mass95_v1	HIG	0.3435	±	0.3435	0.0	±	0	0.0	±	0	0.0	±	0	0.0	±	0	0.0	±	0	0.0	±	0	0.0	±	0	0.0	±	0	0.0	±	0	0.0	±	0	0.3435	±	0.3435	0.0	±	0	0.0	±	0	0.0	±	0	0.0	±	0	0.0	±	0	0.0	±	0	0.0	±	0	
HLT_Mu17_Mu8_SameSign_v1	HIG,B2G	0.3435	±	0.3435	0.0	±	0	0.0	±	0	0.0	±	0	0.0	±	0	0.0	±	0	0.0	±	0	0.0	±	0	0.0	±	0	0.0	±	0	0.0	±	0	0.3435	±	0.3435	0.0	±	0	0.0	±	0	0.0	±	0	0.0	±	0	0.0	±	0	0.0	±	0	0.0	±	0	
HLT_Ele17_Ele12_CaloIdL_TrackIdL_IsoVL_v2	HIG,SMP	0.0	±	0	0.0	±	0	0.0	±	0	0.0	±	0	0.0	±	0	0.0	±	0	0.0	±	0	0.0	±	0	0.0	±	0	0.0	±	0	0.0	±	0	0.0	±	0	0.0	±	0	0.0	±	0	0.0	±	0	0.0	±	0	0.0	±	0	0.0	±	0	0.0	±	0	
HLT_PFHT400_SixJet30_v2	HIG	0.3435	±	0.3435	0.0	±	0	0.0	±	0	0.0	±	0	0.0	±	0	0.0	±	0	0.0	±	0	0.0	±	0	0.0	±	0	0.0	±	0	0.0	±	0	0.3435	±	0.3435	0.0	±	0	0.0	±	0	0.0	±	0	0.0	±	0	0.0	±	0	0.0	±	0	0.0	±	0	
HLT_Mu350_v1	EXO,SMP	8075.3435	±	8075.00000731	0.0	±	0	8075.0	±	8075.0	0.0	±	0	0.0	±	0	0.0	±	0	0.0	±	0	0.0	±	0	0.0	±	0	0.0	±	0	0.0	±	0	0.3435	±	0.3435	0.0	±	0	0.0	±	0	0.0	±	0	0.0	±	0	0.0	±	0	0.0	±	0	0.0	±	0	
HLT_DoubleEle33_CaloIdL_GsfTrkIdVL_MW_v2	EXO,B2G	0.3435	±	0.3435	0.0	±	0	0.0	±	0	0.0	±	0	0.0	±	0	0.0	±	0	0.0	±	0	0.0	±	0	0.0	±	0	0.0	±	0	0.0	±	0	0.3435	±	0.3435	0.0	±	0	0.0	±	0	0.0	±	0	0.0	±	0	0.0	±	0	0.0	±	0	0.0	±	0	
HLT_Photon300_NoHE_v2	HIG	557209.0065	±	67075.9877801	0.0	±	0	557175.0	±	67075.9876931	0.0	±	0	0.0	±	0	0.0	±	0	0.0	±	0	0.0	±	0	0.0	±	0	0.0	±	0	0.0	±	0	34.0065	±	3.41778184646	0.0	±	0	0.0	±	0	0.0	±	0	0.0	±	0	0.0	±	0	0.0	±	0	0.0	±	0	
HLT_Mu15_PFHT300_v2	SUSY	0.0	±	0	0.0	±	0	0.0	±	0	0.0	±	0	0.0	±	0	0.0	±	0	0.0	±	0	0.0	±	0	0.0	±	0	0.0	±	0	0.0	±	0	0.0	±	0	0.0	±	0	0.0	±	0	0.0	±	0	0.0	±	0	0.0	±	0	0.0	±	0	0.0	±	0	
HLT_Ele23_CaloIdM_TrackIdM_PFJet30_v2	SUSY	0.0	±	0	0.0	±	0	0.0	±	0	0.0	±	0	0.0	±	0	0.0	±	0	0.0	±	0	0.0	±	0	0.0	±	0	0.0	±	0	0.0	±	0	0.0	±	0	0.0	±	0	0.0	±	0	0.0	±	0	0.0	±	0	0.0	±	0	0.0	±	0	0.0	±	0	
HLT_Photon22_R9Id90_HE10_IsoM_v2	SMP,SUSY	0.0	±	0	0.0	±	0	0.0	±	0	0.0	±	0	0.0	±	0	0.0	±	0	0.0	±	0	0.0	±	0	0.0	±	0	0.0	±	0	0.0	±	0	0.0	±	0	0.0	±	0	0.0	±	0	0.0	±	0	0.0	±	0	0.0	±	0	0.0	±	0	0.0	±	0	
HLT_Mu27_v1	SMP	0.0	±	0	0.0	±	0	0.0	±	0	0.0	±	0	0.0	±	0	0.0	±	0	0.0	±	0	0.0	±	0	0.0	±	0	0.0	±	0	0.0	±	0	0.0	±	0	0.0	±	0	0.0	±	0	0.0	±	0	0.0	±	0	0.0	±	0	0.0	±	0	0.0	±	0	
HLT_HT650_DisplacedDijet80_Inclusive_v2	EXO	8075.3435	±	8075.00000731	0.0	±	0	8075.0	±	8075.0	0.0	±	0	0.0	±	0	0.0	±	0	0.0	±	0	0.0	±	0	0.0	±	0	0.0	±	0	0.0	±	0	0.3435	±	0.3435	0.0	±	0	0.0	±	0	0.0	±	0	0.0	±	0	0.0	±	0	0.0	±	0	0.0	±	0	
HLT_Dimuon0_Upsilon_Muon_v1	BPH	0.0	±	0	0.0	±	0	0.0	±	0	0.0	±	0	0.0	±	0	0.0	±	0	0.0	±	0	0.0	±	0	0.0	±	0	0.0	±	0	0.0	±	0	0.0	±	0	0.0	±	0	0.0	±	0	0.0	±	0	0.0	±	0	0.0	±	0	0.0	±	0	0.0	±	0	
HLT_L2DoubleMu28_NoVertex_2Cha_Angle2p5_Mass10_v1	EXO	0.0	±	0	0.0	±	0	0.0	±	0	0.0	±	0	0.0	±	0	0.0	±	0	0.0	±	0	0.0	±	0	0.0	±	0	0.0	±	0	0.0	±	0	0.0	±	0	0.0	±	0	0.0	±	0	0.0	±	0	0.0	±	0	0.0	±	0	0.0	±	0	0.0	±	0	
HLT_Ele27_eta2p1_WPLoose_Gsf_DoubleMediumIsoPFTau40_Trk1_eta2p1_Reg_v1	TAU,HIG,EXO	0.0	±	0	0.0	±	0	0.0	±	0	0.0	±	0	0.0	±	0	0.0	±	0	0.0	±	0	0.0	±	0	0.0	±	0	0.0	±	0	0.0	±	0	0.0	±	0	0.0	±	0	0.0	±	0	0.0	±	0	0.0	±	0	0.0	±	0	0.0	±	0	0.0	±	0	
HLT_PFHT300_DiPFJetAve90_PFAlphaT0p54_v1	SUSY	0.0	±	0	0.0	±	0	0.0	±	0	0.0	±	0	0.0	±	0	0.0	±	0	0.0	±	0	0.0	±	0	0.0	±	0	0.0	±	0	0.0	±	0	0.0	±	0	0.0	±	0	0.0	±	0	0.0	±	0	0.0	±	0	0.0	±	0	0.0	±	0	0.0	±	0	
HLT_Mu30_TkMu11_v2	EXO,B2G	16151.7175	±	11419.774542	0.0	±	0	16150.0	±	11419.7745162	0.0	±	0	0.0	±	0	0.0	±	0	0.0	±	0	0.0	±	0	0.0	±	0	0.0	±	0	0.0	±	0	1.7175	±	0.768089350271	0.0	±	0	0.0	±	0	0.0	±	0	0.0	±	0	0.0	±	0	0.0	±	0	0.0	±	0	
HLT_Mu15_IsoVVVL_BTagCSV0p72_PFHT400_v2	SUSY	0.0	±	0	0.0	±	0	0.0	±	0	0.0	±	0	0.0	±	0	0.0	±	0	0.0	±	0	0.0	±	0	0.0	±	0	0.0	±	0	0.0	±	0	0.0	±	0	0.0	±	0	0.0	±	0	0.0	±	0	0.0	±	0	0.0	±	0	0.0	±	0	0.0	±	0	
HLT_DiPFJetAve400_v1	JetMET	113056.87	±	30213.8834373	0.0	±	0	113050.0	±	30213.8833982	0.0	±	0	0.0	±	0	0.0	±	0	0.0	±	0	0.0	±	0	0.0	±	0	0.0	±	0	0.0	±	0	6.87	±	1.53617870054	0.0	±	0	0.0	±	0	0.0	±	0	0.0	±	0	0.0	±	0	0.0	±	0	0.0	±	0	
HLT_Diphoton30EB_18EB_R9Id_OR_IsoCaloId_AND_HE_R9Id_DoublePixelVeto_Mass55_v1	HIG,SMP	0.0	±	0	0.0	±	0	0.0	±	0	0.0	±	0	0.0	±	0	0.0	±	0	0.0	±	0	0.0	±	0	0.0	±	0	0.0	±	0	0.0	±	0	0.0	±	0	0.0	±	0	0.0	±	0	0.0	±	0	0.0	±	0	0.0	±	0	0.0	±	0	0.0	±	0	
HLT_Mu40_eta2p1_PFJet200_PFJet50_v2	B2G	8076.0305	±	8075.00002192	0.0	±	0	8075.0	±	8075.0	0.0	±	0	0.0	±	0	0.0	±	0	0.0	±	0	0.0	±	0	0.0	±	0	0.0	±	0	0.0	±	0	1.0305	±	0.5949594524	0.0	±	0	0.0	±	0	0.0	±	0	0.0	±	0	0.0	±	0	0.0	±	0	0.0	±	0	
HLT_IsoTkMu24_eta2p1_v2	SMP,HIG,TOP	0.0	±	0	0.0	±	0	0.0	±	0	0.0	±	0	0.0	±	0	0.0	±	0	0.0	±	0	0.0	±	0	0.0	±	0	0.0	±	0	0.0	±	0	0.0	±	0	0.0	±	0	0.0	±	0	0.0	±	0	0.0	±	0	0.0	±	0	0.0	±	0	0.0	±	0	
HLT_RsqMR240_Rsq0p09_MR200_4jet_v1	NoGroup	0.3435	±	0.3435	0.0	±	0	0.0	±	0	0.0	±	0	0.0	±	0	0.0	±	0	0.0	±	0	0.0	±	0	0.0	±	0	0.0	±	0	0.0	±	0	0.3435	±	0.3435	0.0	±	0	0.0	±	0	0.0	±	0	0.0	±	0	0.0	±	0	0.0	±	0	0.0	±	0	
HLT_Photon90_R9Id90_HE10_Iso40_EBOnly_VBF_v2	HIG	0.0	±	0	0.0	±	0	0.0	±	0	0.0	±	0	0.0	±	0	0.0	±	0	0.0	±	0	0.0	±	0	0.0	±	0	0.0	±	0	0.0	±	0	0.0	±	0	0.0	±	0	0.0	±	0	0.0	±	0	0.0	±	0	0.0	±	0	0.0	±	0	0.0	±	0	
HLT_L2DoubleMu38_NoVertex_2Cha_Angle2p5_Mass10_v1	EXO	0.0	±	0	0.0	±	0	0.0	±	0	0.0	±	0	0.0	±	0	0.0	±	0	0.0	±	0	0.0	±	0	0.0	±	0	0.0	±	0	0.0	±	0	0.0	±	0	0.0	±	0	0.0	±	0	0.0	±	0	0.0	±	0	0.0	±	0	0.0	±	0	0.0	±	0	
HLT_Photon600_v1	PPD	8075.687	±	8075.00001461	0.0	±	0	8075.0	±	8075.0	0.0	±	0	0.0	±	0	0.0	±	0	0.0	±	0	0.0	±	0	0.0	±	0	0.0	±	0	0.0	±	0	0.687	±	0.485782358675	0.0	±	0	0.0	±	0	0.0	±	0	0.0	±	0	0.0	±	0	0.0	±	0	0.0	±	0	
HLT_L1Tech_HCAL_HF_single_channel_v1	NoGroup	0.0	±	0	0.0	±	0	0.0	±	0	0.0	±	0	0.0	±	0	0.0	±	0	0.0	±	0	0.0	±	0	0.0	±	0	0.0	±	0	0.0	±	0	0.0	±	0	0.0	±	0	0.0	±	0	0.0	±	0	0.0	±	0	0.0	±	0	0.0	±	0	0.0	±	0	
HLT_VBF_DisplacedJet40_VTightID_DisplacedTrack_v2	EXO	0.0	±	0	0.0	±	0	0.0	±	0	0.0	±	0	0.0	±	0	0.0	±	0	0.0	±	0	0.0	±	0	0.0	±	0	0.0	±	0	0.0	±	0	0.0	±	0	0.0	±	0	0.0	±	0	0.0	±	0	0.0	±	0	0.0	±	0	0.0	±	0	0.0	±	0	
HLT_VBF_DisplacedJet40_VVTightID_Hadronic_v2	EXO	0.0	±	0	0.0	±	0	0.0	±	0	0.0	±	0	0.0	±	0	0.0	±	0	0.0	±	0	0.0	±	0	0.0	±	0	0.0	±	0	0.0	±	0	0.0	±	0	0.0	±	0	0.0	±	0	0.0	±	0	0.0	±	0	0.0	±	0	0.0	±	0	0.0	±	0	
HLT_Mu24_v1	EXO	0.0	±	0	0.0	±	0	0.0	±	0	0.0	±	0	0.0	±	0	0.0	±	0	0.0	±	0	0.0	±	0	0.0	±	0	0.0	±	0	0.0	±	0	0.0	±	0	0.0	±	0	0.0	±	0	0.0	±	0	0.0	±	0	0.0	±	0	0.0	±	0	0.0	±	0	
HLT_Photon26_R9Id85_OR_CaloId24b40e_Iso50T80L_Photon16_AND_HE10_R9Id65_Eta2_Mass60_v2	EXO	0.0	±	0	0.0	±	0	0.0	±	0	0.0	±	0	0.0	±	0	0.0	±	0	0.0	±	0	0.0	±	0	0.0	±	0	0.0	±	0	0.0	±	0	0.0	±	0	0.0	±	0	0.0	±	0	0.0	±	0	0.0	±	0	0.0	±	0	0.0	±	0	0.0	±	0	
HLT_Dimuon16_Jpsi_v1	BPH	0.0	±	0	0.0	±	0	0.0	±	0	0.0	±	0	0.0	±	0	0.0	±	0	0.0	±	0	0.0	±	0	0.0	±	0	0.0	±	0	0.0	±	0	0.0	±	0	0.0	±	0	0.0	±	0	0.0	±	0	0.0	±	0	0.0	±	0	0.0	±	0	0.0	±	0	
HLT_DoubleMu18NoFiltersNoVtx_v1	EXO	0.0	±	0	0.0	±	0	0.0	±	0	0.0	±	0	0.0	±	0	0.0	±	0	0.0	±	0	0.0	±	0	0.0	±	0	0.0	±	0	0.0	±	0	0.0	±	0	0.0	±	0	0.0	±	0	0.0	±	0	0.0	±	0	0.0	±	0	0.0	±	0	0.0	±	0	
HLT_IsoMu17_eta2p1_LooseIsoPFTau20_v2	TAU,HIG	0.0	±	0	0.0	±	0	0.0	±	0	0.0	±	0	0.0	±	0	0.0	±	0	0.0	±	0	0.0	±	0	0.0	±	0	0.0	±	0	0.0	±	0	0.0	±	0	0.0	±	0	0.0	±	0	0.0	±	0	0.0	±	0	0.0	±	0	0.0	±	0	0.0	±	0	
HLT_IsoMu24_eta2p1_CentralPFJet30_BTagCSV07_v2	TOP	0.0	±	0	0.0	±	0	0.0	±	0	0.0	±	0	0.0	±	0	0.0	±	0	0.0	±	0	0.0	±	0	0.0	±	0	0.0	±	0	0.0	±	0	0.0	±	0	0.0	±	0	0.0	±	0	0.0	±	0	0.0	±	0	0.0	±	0	0.0	±	0	0.0	±	0	
HLT_Photon250_NoHE_v2	HIG	557209.0065	±	67075.9877801	0.0	±	0	557175.0	±	67075.9876931	0.0	±	0	0.0	±	0	0.0	±	0	0.0	±	0	0.0	±	0	0.0	±	0	0.0	±	0	0.0	±	0	34.0065	±	3.41778184646	0.0	±	0	0.0	±	0	0.0	±	0	0.0	±	0	0.0	±	0	0.0	±	0	0.0	±	0	
HLT_LooseIsoPFTau50_Trk30_eta2p1_v2	TAU,HIG	0.0	±	0	0.0	±	0	0.0	±	0	0.0	±	0	0.0	±	0	0.0	±	0	0.0	±	0	0.0	±	0	0.0	±	0	0.0	±	0	0.0	±	0	0.0	±	0	0.0	±	0	0.0	±	0	0.0	±	0	0.0	±	0	0.0	±	0	0.0	±	0	0.0	±	0	
HLT_PFHT300_v1	SUSY	0.0	±	0	0.0	±	0	0.0	±	0	0.0	±	0	0.0	±	0	0.0	±	0	0.0	±	0	0.0	±	0	0.0	±	0	0.0	±	0	0.0	±	0	0.0	±	0	0.0	±	0	0.0	±	0	0.0	±	0	0.0	±	0	0.0	±	0	0.0	±	0	0.0	±	0	
HLT_Mu7p5_Track3p5_Upsilon_v2	BPH	0.0	±	0	0.0	±	0	0.0	±	0	0.0	±	0	0.0	±	0	0.0	±	0	0.0	±	0	0.0	±	0	0.0	±	0	0.0	±	0	0.0	±	0	0.0	±	0	0.0	±	0	0.0	±	0	0.0	±	0	0.0	±	0	0.0	±	0	0.0	±	0	0.0	±	0	
HLT_DoubleMu8_Mass8_PFHT300_v2	SUSY	1.0305	±	0.5949594524	0.0	±	0	0.0	±	0	0.0	±	0	0.0	±	0	0.0	±	0	0.0	±	0	0.0	±	0	0.0	±	0	0.0	±	0	0.0	±	0	1.0305	±	0.5949594524	0.0	±	0	0.0	±	0	0.0	±	0	0.0	±	0	0.0	±	0	0.0	±	0	0.0	±	0	
HLT_Mu23NoFiltersNoVtx_Photon23_CaloIdL_v2	EXO	0.0	±	0	0.0	±	0	0.0	±	0	0.0	±	0	0.0	±	0	0.0	±	0	0.0	±	0	0.0	±	0	0.0	±	0	0.0	±	0	0.0	±	0	0.0	±	0	0.0	±	0	0.0	±	0	0.0	±	0	0.0	±	0	0.0	±	0	0.0	±	0	0.0	±	0	
HLT_PFHT200_v1	SUSY	0.0	±	0	0.0	±	0	0.0	±	0	0.0	±	0	0.0	±	0	0.0	±	0	0.0	±	0	0.0	±	0	0.0	±	0	0.0	±	0	0.0	±	0	0.0	±	0	0.0	±	0	0.0	±	0	0.0	±	0	0.0	±	0	0.0	±	0	0.0	±	0	0.0	±	0	